0000000879,scans,0000000092,DataLength
"header",0000000024,"lines"
"Date",24/08/2022,"Time",10:14:32
"ID","HAL V RC RGA 201 #12461","Version",3
"Scans",5
"Scan ID","Mode","Input","Scanned","Start","Stop","Increment","Dwell","Settle","RS","RelSEM"
"Scan 1","RGA","Faraday","mass",18.00,18.00,0.01,100.000%,100.000%,0.900000,1.000000,
"Scan 2","RGA","Faraday","mass",44.00,44.00,0.01,100.000%,100.000%,1.400000,1.000000,
"Scan 3","RGA","Faraday","mass",32.00,32.00,0.01,100.000%,100.000%,0.860000,1.000000,
"Scan 4","RGA","Faraday","mass",4.00,4.00,0.01,100.000%,100.000%,0.140000,1.000000,
"Scan 5","RGA","Faraday","mass",28.00,28.00,0.01,100.000%,100.000%,1.000000,1.000000,
"Environment",
"Global","RGA"
"F1",0,"( 1 = on, 0 = off )"
"F2",1,"( 1 = on, 0 = off )"
"cage",3.0,"V"
"delta-m",0,"%"
"electron-energy",70.0,"V"
"emission",250,"uA"
"focus",-90,"V"
"mass",5.50,"amu"
"mode-change-delay",1000,"ms"
"multiplier",0,"V"
"resolution",0,"%"
"Data",5
"Time","ms","Water","Carbon dioxide","Oxygen","Helium","Nitrogen",
00:00:01,      1002,  0.00000e+00,  0.00000e+00,  2.56976e-08,  0.00000e+00,  7.73490e-08,
00:00:01,      1495, -2.45554e-09,  2.36785e-09,  2.82673e-08, -1.57856e-08,  8.17690e-08,
00:00:01,      1987, -1.84166e-09,  9.47136e-10,  2.56976e-08,  1.65749e-08,  8.75150e-08,
00:00:02,      2504,  1.63293e-09,  1.42071e-10,  2.53250e-08,  3.94642e-11,  9.45820e-08,
00:00:09,      9260,  1.71029e-09,  7.67579e-11,  2.64942e-08,  6.51157e-11,  9.92670e-08,
00:00:20,     20575,  1.79378e-09,  9.78707e-12,  2.75607e-08, -3.22028e-11,  1.03367e-07,
00:00:38,     38012,  1.85240e-09,  8.52421e-12,  2.83766e-08, -1.31021e-11,  1.10389e-07,
00:00:55,     55283,  1.87758e-09,  7.94014e-12,  2.90897e-08, -2.36785e-12,  1.16687e-07,
00:01:15,     75580,  1.97211e-09,  4.59364e-12,  2.93659e-08,  6.40031e-09,  3.48074e-08,
00:01:35,     95876,  4.42306e-10,  7.20300e-11,  1.50330e-09,  7.73257e-09,  1.72932e-09,
00:01:56,    116314,  1.80728e-11,  1.32915e-11,  1.71210e-10,  5.22644e-08,  4.45867e-10,
00:02:18,    138791,  7.29299e-12,  5.57229e-12,  5.47359e-12,  5.16863e-08,  1.40997e-11,
00:02:47,    167390,  6.70366e-12,  8.80836e-12, -3.05801e-12,  5.16508e-08,  4.68519e-12,
00:03:15,    195986,  1.22777e-12,  6.28264e-12,  7.70919e-14,  5.15265e-08,  4.61889e-12,
00:03:44,    224582, -5.05843e-12,  2.14685e-12,  2.59545e-12,  5.12996e-08,  2.89509e-12,
00:04:13,    253179,  7.36666e-12,  5.05142e-13,  1.97871e-12,  5.10647e-08,  3.64649e-12,
00:04:37,    277576,  3.87977e-12, -8.20850e-13,  3.44348e-12,  5.03129e-08,  1.79009e-12,
00:05:05,    305093,  3.38866e-12,  3.15714e-13, -3.08371e-13,  5.06800e-08, -4.75149e-12,
00:05:31,    331590,  6.04066e-12, -1.53121e-12,  5.57638e-12,  5.05853e-08,  3.60229e-12,
00:06:00,    360186,  3.83066e-12,  3.05295e-11,  5.10560e-10,  5.39179e-08,  3.35941e-10,
00:06:24,    384582,  7.36656e-14,  2.23683e-11,  2.19971e-11,  5.14554e-08,  7.87640e-11,
00:06:46,    406876,  6.04066e-12,  1.13972e-11,  1.58553e-11,  5.12936e-08,  5.28852e-11,
00:07:13,    433371,  2.35732e-12,  4.60942e-12,  1.23605e-11,  5.20139e-08,  4.26971e-11,
00:07:41,    461968,  4.05166e-12,  7.79807e-12,  1.79369e-11,  5.27025e-08,  4.09070e-11,
00:08:06,    486363,  6.92466e-12,  7.07193e-12,  1.12298e-11,  5.34243e-08,  2.82658e-11,
00:08:33,    513881,  3.31499e-12,  4.27792e-12,  2.87813e-12,  5.37479e-08,  2.81111e-11,
00:08:58,    538276,  3.90432e-12,  5.50914e-12,  2.38987e-12,  5.36693e-08,  2.46414e-11,
00:09:26,    566873, -3.75699e-12,  4.12006e-12,  1.36710e-11,  5.28051e-08,  2.84868e-11,
00:09:51,    591269,  4.78832e-12,  1.02922e-11,  1.01505e-11,  5.31682e-08,  1.98899e-11,
00:10:17,    617766, -1.47332e-13,  2.60464e-12,  7.24673e-12,  5.34064e-08,  2.57464e-11,
00:10:40,    640061,  6.87554e-12,  7.92436e-12,  9.14826e-12,  5.37557e-08,  2.14590e-11,
00:11:02,    662356,  8.17689e-12,  2.88878e-12,  1.59324e-12,  5.39000e-08,  1.64202e-11,
00:11:30,    690954, -3.56054e-12,  2.25735e-12,  5.98755e-12,  5.40029e-08,  1.97131e-11,
00:11:55,    715350,  8.79078e-12,  3.66228e-12,  2.59545e-12,  5.39514e-08,  2.00667e-11,
00:12:21,    741846,  1.05588e-12,  2.46256e-12,  7.58080e-12,  5.44936e-08,  1.18897e-11,
00:12:46,    766243, -3.92888e-13,  1.13656e-12, -2.31278e-13,  5.44107e-08,  1.61771e-11,
00:13:10,    790638,  1.05588e-12,  4.04114e-12,  5.06243e-12,  5.35329e-08,  1.23538e-11,
00:13:37,    817134, -1.74343e-12,  7.11929e-12, -1.87592e-12,  5.41171e-08,  1.54478e-11,
00:14:05,    845731,  1.21058e-11, -1.18392e-12,  3.70045e-12,  5.44564e-08,  6.76259e-12,
00:14:32,    872226,  2.82388e-12,  5.17771e-12,  1.06901e-11,  5.46064e-08,  1.21549e-11,
00:15:00,    900822,  2.70110e-13,  3.86749e-12,  7.09255e-12,  5.44800e-08,  1.23317e-11,
00:15:23,    923118,  5.03388e-12,  6.10900e-12, -1.00991e-11,  5.41486e-08,  2.31828e-11,
00:15:49,    949614,  1.66977e-12, -4.67256e-12, -4.88255e-13,  5.49064e-08,  2.26524e-11,
00:16:16,    976109,  9.08544e-12,  2.16264e-12, -5.52499e-12,  5.44229e-08,  1.32599e-11,
00:16:44,   1004706,  8.34888e-13,  2.16264e-12,  7.22103e-12,  5.41350e-08,  5.08299e-12,
00:17:07,   1027002, -8.22600e-12,  2.43099e-12, -2.92952e-12,  5.47150e-08,  9.98910e-12,
00:17:31,   1051397,  9.33110e-13,  4.59364e-12,  4.36859e-12,  5.50264e-08,  1.30610e-11,
00:17:59,   1079994,  7.14566e-12,  2.93614e-12,  7.14394e-12,  5.46121e-08,  1.41881e-11,
00:18:24,   1104390,  6.13888e-13,  5.79329e-12, -8.91698e-12,  5.54921e-08,  2.36469e-12,
00:18:50,   1130885, -1.79254e-12,  6.15642e-13,  1.14867e-11,  5.55714e-08,  1.40555e-11,
00:19:19,   1159483,  6.87554e-13,  7.56129e-12,  1.79883e-13,  5.43379e-08,  9.85650e-12,
00:19:43,   1183877,  5.25488e-12, -5.36714e-13,  1.79883e-13,  5.50421e-08,  3.82329e-12,
00:20:12,   1212474, -3.78154e-12,  6.56679e-12, -8.48022e-13,  5.55671e-08,  5.14929e-12,
00:20:36,   1236872,  2.77477e-12, -6.15642e-13,  2.85243e-12,  5.47264e-08,  1.09836e-11,
00:21:01,   1261268, -2.43099e-12, -2.52571e-13, -4.49708e-12,  5.51079e-08,  6.89519e-12,
00:21:29,   1289866, -7.85777e-12,  1.31021e-12,  1.97871e-12,  5.50286e-08,  1.07184e-11,
00:21:56,   1316362,  8.83999e-13,  5.85643e-12, -2.69824e-12,  5.54450e-08,  5.19349e-12,
00:22:20,   1340757,  1.96443e-13, -4.10428e-13,  5.03673e-12,  5.58436e-08,  7.46970e-12,
00:22:46,   1366172,  4.49366e-12,  1.73642e-12,  9.76510e-13,  5.58100e-08,  3.69069e-12,
00:23:12,   1392669, -1.54699e-12,  1.78378e-12, -2.51836e-12,  5.62364e-08,  4.81779e-12,
00:23:37,   1417064,  6.92466e-12, -1.08921e-12, -2.20999e-12,  5.62736e-08,  8.30950e-12,
00:24:01,   1441461, -3.09399e-12,  1.24706e-12, -2.05580e-13,  5.64236e-08,  3.82329e-12,
00:24:27,   1467958,  3.56054e-12, -1.10499e-13,  3.39208e-12,  5.56579e-08,  1.03869e-11,
00:24:52,   1492353,  4.96021e-12,  3.63071e-13, -5.34510e-12,  5.56779e-08,  1.56688e-11,
00:25:13,   1513568, -5.99154e-12,  2.25735e-12, -2.31278e-13,  5.61336e-08,  7.29299e-13,
00:25:40,   1540064, -3.73243e-12,  8.20850e-12,  3.34069e-12,  5.62557e-08,  6.45319e-12,
00:26:08,   1568661,  8.49611e-12, -3.01506e-12, -1.10499e-12,  5.57393e-08,  9.34820e-12,
00:26:35,   1595157,  5.42677e-12,  4.26214e-13,  5.98755e-12,  5.66621e-08,  5.56919e-12,
00:26:59,   1619553,  8.10332e-13,  4.73571e-13, -5.91045e-13,  5.67929e-08,  2.69619e-12,
00:27:21,   1641850, -4.34632e-12, -6.31428e-13,  6.73278e-12,  5.57943e-08,  6.34269e-12,
00:27:48,   1668346, -4.41999e-13,  2.19421e-12,  3.36638e-12,  5.70236e-08,  2.87299e-12,
00:28:12,   1692743,  3.90432e-12,  6.31421e-14, -4.13731e-12,  5.58314e-08, -3.97799e-12,
00:28:39,   1719239, -1.12954e-12,  1.26285e-13,  8.96837e-12,  5.71379e-08,  1.39450e-11,
00:29:07,   1747837,  1.28670e-11, -5.84071e-13,  1.67034e-12,  5.76000e-08,  5.37029e-12,
00:29:34,   1774334, -2.16088e-12,  3.63071e-12, -1.25917e-12,  5.64100e-08,  8.83990e-14,
00:30:00,   1800830, -4.83743e-12,  6.31428e-13,  1.33627e-12,  5.72329e-08,  4.57469e-12,
00:30:29,   1829426,  3.04488e-12,  1.48385e-12,  7.70929e-12,  5.71950e-08,  5.52499e-12,
00:30:53,   1853822,  2.38188e-12,  4.97249e-12,  8.24894e-12,  5.61793e-08,  3.16029e-12,
00:31:16,   1876116,  5.64777e-13,  4.53049e-12,  3.59766e-13,  5.71657e-08,  9.94490e-13,
00:31:40,   1900512,  2.94666e-12, -4.15164e-12,  1.28487e-12,  5.76057e-08,  6.78469e-12,
00:32:04,   1924908,  1.25232e-12,  4.00956e-12,  4.65127e-12,  5.68479e-08,  7.51399e-13,
00:32:29,   1949305, -6.87554e-13, -3.31499e-13,  2.72394e-12,  5.70943e-08,  3.00559e-12,
00:32:53,   1973700, -2.70110e-13,  1.73642e-13, -5.96185e-12,  5.68636e-08,  2.43099e-13,
00:33:20,   2000196,  3.26588e-12, -2.84142e-13,  8.63430e-12,  5.70493e-08,  2.87299e-13,
00:33:42,   2022491, -3.51143e-12, -2.02056e-12, -1.00221e-12,  5.81071e-08,  3.33709e-12,
00:34:06,   2046886,  2.82388e-12,  4.73564e-14,  5.13952e-14,  5.71793e-08,  8.61890e-12,
00:34:31,   2071282, -2.87299e-12,  2.08371e-12,  6.29592e-12,  5.78307e-08,  3.40339e-12,
00:34:57,   2097779, -6.08977e-12,  3.26764e-12,  1.78598e-11,  5.78421e-08,  1.08289e-12,
00:35:20,   2120074, -1.37510e-12, -3.96221e-12,  5.31941e-12,  5.68457e-08,  3.53599e-12,
00:35:44,   2144470,  2.70110e-12,  3.37814e-12,  1.59324e-12,  5.84307e-08,  2.85089e-12,
00:36:06,   2166764,  4.91110e-12,  1.57856e-12, -3.08371e-13,  5.79707e-08,  5.67969e-12,
00:36:31,   2191159,  1.81710e-12, -1.08921e-12,  1.72173e-12,  5.72700e-08,  5.59129e-12,
00:36:55,   2215554,  6.67910e-12,  1.87849e-12,  2.28708e-12,  5.82071e-08,  4.53049e-12,
00:37:22,   2242049, -7.12110e-13, -1.12078e-12,  3.21220e-12,  5.76271e-08,  3.64649e-12,
00:37:42,   2262243,  2.43099e-12,  8.83993e-13, -5.73057e-12,  5.70214e-08,  1.79009e-12,
00:38:08,   2288739,  1.35054e-12, -3.70964e-12,  1.02791e-12,  5.77200e-08, -1.43649e-12,
00:38:37,   2317336,  3.02032e-12,  5.05142e-13, -3.59766e-12,  5.74436e-08,  5.37029e-12,
00:38:59,   2339631, -1.06324e-11,  2.00478e-12,  3.08371e-12,  5.75364e-08,  3.28184e-12,
00:39:24,   2364027, -2.94666e-13, -9.31350e-13,  3.41778e-12,  5.75229e-08, -3.93379e-12,
00:39:48,   2388423,  2.89754e-12, -1.65749e-12,  1.54185e-12,  5.78679e-08, -6.25429e-12,
00:40:12,   2412819, -3.04488e-12, -2.06792e-12,  1.02791e-12,  5.77929e-08, -9.94490e-13,
00:40:35,   2435114, -3.21677e-12,  1.91006e-12,  6.80987e-12,  5.79743e-08, -2.65199e-13,
00:41:01,   2461611,  2.03810e-12,  1.21549e-12, -3.03231e-12,  5.81307e-08, -1.85639e-12,
00:41:24,   2484926,  4.22354e-12,  1.98899e-12,  1.64464e-12,  5.78071e-08,  1.50279e-12,
00:41:49,   2509323,  2.52921e-12, -3.77278e-12, -3.59766e-13,  5.87836e-08,  9.48080e-12,
00:42:15,   2535820, -1.22777e-13, -5.20928e-13, -1.18208e-12,  5.77300e-08,  6.56369e-12,
00:42:42,   2562316, -2.35732e-12,  1.57856e-12,  4.62557e-13,  5.84543e-08,  5.25979e-12,
00:43:04,   2584611,  1.27688e-12,  7.89279e-14,  3.52057e-12,  5.82293e-08,  2.47519e-12,
00:43:29,   2609008,  2.92210e-12, -2.76249e-12,  5.13952e-13,  5.84321e-08,  5.01669e-12,
00:43:52,   2632322,  8.34888e-13, -3.63071e-13,  1.23348e-12,  5.88171e-08,  1.32599e-12,
00:44:18,   2658820,  2.03810e-12, -4.02535e-12, -8.48022e-13,  5.83379e-08,  3.66859e-12,
00:44:45,   2685316,  2.52921e-12, -3.80435e-12,  5.60208e-12,  5.84993e-08, -2.45309e-12,
00:45:11,   2711813, -1.54699e-12, -2.60464e-12,  3.59766e-13,  5.86379e-08,  3.42549e-12,
00:45:38,   2738309,  7.12110e-13,  2.38364e-12, -6.21883e-12,  5.91171e-08,  9.10510e-12,
00:46:02,   2762704,  4.91110e-13,  2.98349e-12, -2.38987e-12,  5.93536e-08, -1.59119e-12,
00:46:29,   2789200, -1.86621e-12, -3.58335e-12,  5.67917e-12,  5.88821e-08, -2.38679e-12,
00:46:55,   2815696, -6.75277e-12,  3.97799e-12,  7.96627e-13,  5.91529e-08, -2.80669e-12,
00:47:20,   2840092,  5.15666e-12,  2.79406e-12,  5.73057e-12,  5.94150e-08,  5.79019e-12,
00:47:48,   2868689,  5.15666e-13,  1.24706e-12, -1.67034e-12,  5.95314e-08,  4.41999e-13,
00:48:15,   2895186, -2.06266e-12,  3.36235e-12,  4.67697e-12,  5.94700e-08,  8.37580e-12,
00:48:42,   2922704,  1.14182e-11, -7.10350e-13, -2.85243e-12,  5.96300e-08,  5.08299e-12,
00:49:09,   2949201, -4.37088e-12, -3.33078e-12,  4.06022e-12,  5.96243e-08, -3.80119e-12,
00:49:35,   2975699, -1.22777e-13,  1.84692e-12, -1.69603e-12,  5.95771e-08,  7.11619e-12,
00:49:57,   2997994,  1.79254e-12,  9.15564e-13,  1.36197e-12,  5.98257e-08, -2.12159e-12,
00:50:22,   3022391,  6.62999e-13, -1.67328e-12, -5.21662e-12,  5.93321e-08,  1.54699e-12,
00:50:48,   3048888, -1.10499e-12, -3.74121e-12,  8.22324e-13,  6.08321e-08, -3.75699e-12,
00:51:13,   3073284,  1.20321e-12,  2.36785e-13, -2.31278e-12,  6.02579e-08,  6.45540e-11,
00:51:41,   3101881,  2.13632e-12,  3.10189e-11,  1.67600e-10,  6.17907e-08,  1.54036e-11,
00:52:06,   3126277, -9.57666e-13, -3.47285e-13,  1.56755e-12,  6.18836e-08,  3.40339e-12,
00:52:30,   3150672,  3.60966e-12,  1.83114e-12,  2.13290e-12,  6.06700e-08,  3.18239e-12,
00:52:55,   3175067,  1.35054e-12,  2.98349e-12, -3.34069e-13,  6.19707e-08,  5.70179e-12,
00:53:21,   3201563,  3.48688e-12, -2.20999e-13,  4.98534e-12,  6.21286e-08,  4.15479e-12,
00:53:48,   3228059,  2.28366e-12,  1.42071e-12, -9.71360e-12,  6.10471e-08,  3.02769e-12,
00:54:10,   3250354, -1.47332e-12, -5.52499e-13,  7.47801e-12,  6.23393e-08, -8.61899e-13,
00:54:36,   3276851,  2.20999e-13, -3.17292e-12,  4.13731e-12,  6.12557e-08,  1.56909e-12,
00:55:03,   3303347, -1.93988e-12,  1.15235e-12,  6.16743e-12,  6.30221e-08,  5.74599e-13,
00:55:31,   3331944,  3.04488e-12, -9.62921e-13,  5.13952e-14,  6.15993e-08, -1.56909e-12,
00:55:58,   3358440, -4.91110e-14,  5.49336e-12, -1.02790e-13,  6.28207e-08,  8.35370e-12,
00:56:22,   3382834, -5.08299e-12,  5.05142e-13,  3.31499e-12,  6.20671e-08, -6.85099e-13,
00:56:47,   3407230,  3.36410e-12, -4.19899e-12, -6.57859e-12,  6.28779e-08,  8.11060e-12,
00:57:13,   3433726, -3.80610e-12, -2.99928e-13,  1.85819e-10,  5.68971e-08,  1.15238e-09,
00:57:38,   3458121,  6.23710e-12,  9.72393e-12,  3.68555e-10,  6.51214e-08,  6.14849e-09,
00:57:59,   3479456,  8.00510e-12, -2.39942e-12,  3.19421e-11,  6.25621e-08,  1.17102e-09,
00:58:24,   3504994,  2.08721e-12,  1.68906e-12,  2.13033e-11,  6.28921e-08,  5.43659e-10,
00:58:50,   3530530,  3.65877e-12,  3.26764e-12,  8.83988e-12,  6.39200e-08,  3.39676e-11,
00:59:14,   3554926,  1.17129e-11,  3.31499e-12,  1.17694e-11,  6.38314e-08,  2.03982e-11,
00:59:41,   3581423,  9.87122e-12,  1.29442e-12,  1.28487e-12,  6.47979e-08,  1.34588e-11,
01:00:07,   3607919,  1.86621e-12, -1.73642e-13,  1.69603e-12,  6.49936e-08,  8.48630e-12,
01:00:32,   3632315,  6.08977e-12,  6.31428e-13,  1.85022e-12,  6.54907e-08,  9.43660e-12,
01:00:58,   3658811,  8.61889e-12,  1.59435e-12,  4.06022e-12,  6.46714e-08,  7.20459e-12,
01:01:23,   3683206, -1.20321e-12,  3.15714e-12,  7.45231e-12,  6.63943e-08,  9.87860e-12,
01:01:45,   3705501,  1.42176e-11, -1.12078e-12, -8.73720e-13,  6.57193e-08,  8.86200e-12,
01:02:09,   3729896,  8.93811e-12,  5.68279e-12,  4.29150e-12,  6.60079e-08,  5.45869e-12,
01:02:32,   3752191,  8.10322e-12,  2.00478e-12, -4.08592e-12,  6.67750e-08,  1.98899e-12,
01:02:58,   3778688,  3.83066e-12, -1.91006e-12,  1.59324e-12,  6.69864e-08,  9.34820e-12,
01:03:27,   3807286,  3.46232e-12,  2.76249e-12,  5.13952e-13,  6.69586e-08,  9.54710e-12,
01:03:53,   3833783,  5.62321e-12, -2.79406e-12,  5.03673e-12,  6.72607e-08,  4.26529e-12,
01:04:22,   3862379,  9.72389e-12, -1.26285e-12, -7.70919e-14,  6.72529e-08,  3.20449e-12,
01:04:46,   3886776,  1.35791e-11,  1.38914e-12, -1.64464e-12,  6.83343e-08,  3.51389e-12,
01:05:09,   3909071,  8.15233e-12,  6.47214e-13,  6.37301e-12,  6.83771e-08,  4.00009e-12,
01:05:35,   3935568,  2.08721e-12, -1.42071e-13, -1.02791e-12,  6.89257e-08,  4.48629e-12,
01:06:04,   3964165,  8.17689e-12, -2.88878e-12,  5.13952e-12,  6.91450e-08,  6.76259e-12,
01:06:30,   3990660,  1.52243e-11, -3.78856e-13, -6.93836e-13,  6.88236e-08, -3.02769e-12,
01:06:57,   4017156,  1.28916e-11,  5.60386e-12,  4.18871e-12,  6.86593e-08,  6.18799e-13,
01:07:21,   4041551,  1.27688e-11,  1.26285e-12,  2.15859e-12,  6.89657e-08,  1.10720e-11,
01:07:48,   4068048,  8.96267e-12,  3.28342e-12,  6.01324e-12,  6.93264e-08,  8.68520e-12,
01:08:16,   4096646, -2.70110e-13,  4.89356e-12,  3.93173e-12,  7.01671e-08,  6.12169e-12,
01:08:41,   4121042,  7.19477e-12, -1.10499e-12,  9.50813e-13,  6.92043e-08,  7.62440e-12,
01:09:03,   4143337,  6.50721e-12,  2.36785e-13,  1.28487e-12,  6.98414e-08,  7.53600e-12,
01:09:27,   4167732,  8.66800e-12,  5.52499e-13,  3.62336e-12,  6.99186e-08,  7.16039e-12,
01:09:52,   4192128, -2.70110e-13,  2.69935e-12,  4.29150e-12,  7.02029e-08,  2.78459e-12,
01:10:18,   4218623,  1.48806e-11,  1.75221e-12,  5.47359e-12,  6.96814e-08,  8.61899e-13,
01:10:47,   4247219,  6.33532e-12,  3.83592e-12,  2.54406e-12,  7.06150e-08,  8.17699e-13,
01:11:11,   4271615,  3.10627e-11, -1.59435e-12, -2.46697e-12,  7.05343e-08,  1.14919e-12,
01:11:33,   4293909,  4.79814e-11,  3.52021e-12,  3.54627e-12,  7.19250e-08, -6.85099e-13,
01:11:58,   4318305,  6.09468e-11, -1.61014e-12,  8.01766e-12,  7.34621e-08,  4.13269e-12,
01:12:22,   4342700,  6.87056e-11,  2.74671e-12,  7.73499e-12,  7.31486e-08,  1.05858e-11,
01:12:49,   4369196,  7.12600e-11,  1.32599e-12,  6.24452e-12,  7.28529e-08, -4.17689e-12,
01:13:13,   4393591,  6.87800e-11,  1.15235e-12,  3.64906e-12,  7.31900e-08,  4.75149e-12,
01:13:35,   4415885,  7.04989e-11,  2.58885e-12,  1.01505e-11,  7.45000e-08, -4.75149e-12,
01:14:02,   4442381,  7.53356e-11,  1.23128e-12,  3.72615e-12,  7.39043e-08,  2.07739e-12,
01:14:26,   4466777,  7.39111e-11,  1.54699e-12,  2.08150e-12,  7.45379e-08,  2.20999e-13,
01:14:55,   4495375,  7.90433e-11, -3.50442e-12, -2.67255e-12,  7.40721e-08,  2.47519e-12,
01:15:23,   4523971,  7.76689e-11,  3.28342e-12,  2.31278e-12,  7.35136e-08,  3.27079e-12,
01:15:50,   4550466,  7.41567e-11,  2.11528e-12,  3.54627e-12,  7.41707e-08,  1.34809e-12,
01:16:16,   4576963,  7.46233e-11,  7.89279e-13,  1.69603e-12,  7.44843e-08,  7.71280e-12,
01:16:41,   4601358,  7.78656e-11, -1.87849e-12,  1.20778e-12,  7.51493e-08,  5.30399e-13,
01:17:05,   4625755,  7.45256e-11,  2.68356e-13,  2.82673e-13,  7.55343e-08,  9.28190e-13,
01:17:32,   4652251,  8.44700e-11, -1.42071e-12,  3.80324e-12,  7.48257e-08,  1.25969e-12,
01:17:58,   4678748,  8.06889e-11,  2.60464e-12,  2.26138e-12,  7.51379e-08,  1.54699e-13,
01:18:25,   4705245,  7.88722e-11,  2.71514e-12,  1.43906e-12,  7.49893e-08,  2.80669e-12,
01:18:49,   4729640,  7.93878e-11,  2.99928e-12,  6.03894e-12,  7.46736e-08,  1.70169e-12,
01:19:14,   4754035,  7.93133e-11,  1.21549e-12, -1.79883e-13,  7.53486e-08,  3.69069e-12,
01:19:38,   4778431,  6.93200e-11, -5.68285e-13, -4.90824e-12,  7.53721e-08, -2.67409e-12,
01:20:04,   4804927,  8.25800e-11, -2.08371e-12,  7.19534e-13,  7.62800e-08, -1.65749e-12,
01:20:27,   4827222,  7.46978e-11,  1.79956e-12,  7.16964e-12,  7.61679e-08,  4.64099e-12,
01:20:53,   4853718,  8.14256e-11,  2.99928e-13,  4.31720e-12,  1.08447e-07,  2.51939e-12,
01:21:17,   4877694,  7.52867e-11, -6.94564e-13,  7.96627e-12,  1.08369e-07,  3.38129e-12,
01:21:37,   4897470,  8.44456e-11, -7.89279e-14,  1.38766e-12,  1.08171e-07,  6.45319e-12,
01:21:59,   4919344,  8.20144e-11,  2.43099e-12,  3.72615e-12,  1.08014e-07,  1.87849e-12,
01:22:19,   4939120,  7.73489e-11, -8.36636e-13,  4.13731e-12,  1.08487e-07, -9.72390e-13,
01:22:40,   4960755,  8.21867e-11,  3.78856e-13,  8.14615e-12,  1.08645e-07,  1.23759e-12,
01:23:00,   4980529,  7.16522e-11, -4.41999e-13, -7.70919e-14,  1.08211e-07,  3.88959e-12,
01:23:22,   5002405,  8.01000e-11, -4.65678e-12,  2.51836e-12,  1.08289e-07,  3.80119e-12,
01:23:40,   5020078,  7.95844e-11,  4.57785e-13,  3.31499e-12,  1.08250e-07,  1.50279e-12,
01:24:01,   5041953,  8.28256e-11,  2.20999e-13,  8.22324e-13,  1.08447e-07, -1.12709e-12,
01:24:21,   5061728,  8.98233e-11, -1.21549e-12,  1.23348e-12,  1.08289e-07,  1.23759e-12,
01:24:41,   5081502,  8.31444e-11,  7.73493e-13,  1.87592e-12,  1.08329e-07,  4.35369e-12,
01:25:07,   5107580,  8.57722e-11,  2.39942e-12, -5.16522e-12,  1.08645e-07,  6.49739e-12,
01:25:31,   5131556,  8.35622e-11,  5.52499e-13,  9.76510e-13,  1.09079e-07,  3.44759e-12,
01:25:49,   5149230,  8.44700e-11, -3.47285e-13,  6.68138e-13,  1.09552e-07,  6.43109e-12,
01:26:13,   5173206,  8.57478e-11,  2.53360e-12,  8.22324e-13,  1.08921e-07,  1.10499e-12,
01:26:32,   5192981,  8.14744e-11,  1.72064e-12,  1.43906e-12,  1.08645e-07,  4.24319e-12,
01:26:52,   5212515,  8.39300e-11, -6.31421e-14,  3.88034e-12,  1.09079e-07,  3.53599e-12,
01:27:14,   5234391,  8.19167e-11,  2.33628e-12,  2.80103e-12,  1.09592e-07,  9.01670e-12,
01:27:36,   5256266,  7.71778e-11, -3.10978e-12,  4.11162e-13,  1.09316e-07, -3.18239e-12,
01:28:00,   5280243,  8.08856e-11,  2.84142e-13,  1.69603e-12,  1.09236e-07, -1.94479e-12,
01:28:24,   5304218,  9.34089e-11, -2.05214e-13, -3.59766e-12,  1.09947e-07,  2.09949e-12,
01:28:48,   5328194,  8.12044e-11,  3.64649e-12, -6.93836e-13,  1.10224e-07,  3.00559e-12,
01:29:12,   5352170,  8.56244e-11, -7.92436e-12, -5.39650e-13,  1.09789e-07, -4.81779e-12,
01:29:38,   5378248,  8.95289e-11,  5.88800e-12, -6.52720e-12,  1.09276e-07, -2.89509e-12,
01:30:02,   5402224,  8.24078e-11, -5.30393e-12, -7.70929e-13,  1.10026e-07, -6.18799e-13,
01:30:28,   5428061,  8.55511e-11,  2.69935e-12,  8.76279e-12,  1.09355e-07,  7.20459e-12,
01:30:49,   5449936,  9.28444e-11, -5.35129e-12, -7.40092e-12,  1.09868e-07, -8.17699e-13,
01:31:15,   5475772,  8.49867e-11, -7.26136e-13, -3.59766e-12,  1.09710e-07, -1.32599e-13,
01:31:37,   5497408,  9.42922e-11,  4.48314e-12,  8.42883e-12,  1.10421e-07, -1.96689e-12,
01:31:59,   5519284,  8.32678e-11,  2.77828e-12,  1.02790e-11,  1.09434e-07, -7.35920e-12,
01:32:21,   5541161,  8.09100e-11,  1.05764e-12,  1.09471e-11,  1.09789e-07,  6.62999e-13,
01:32:45,   5565138,  8.14500e-11,  2.11528e-12,  6.24452e-12,  1.10381e-07,  4.55259e-12,
01:33:07,   5587014,  9.23033e-11, -2.47835e-12, -2.92952e-12,  1.10341e-07,  3.82329e-12,
01:33:30,   5610990,  8.43967e-11,  1.05764e-12,  3.85464e-12,  1.10144e-07, -3.51389e-12,
01:33:54,   5634966,  8.93811e-11, -6.31421e-14, -1.67034e-12,  1.10539e-07,  2.20999e-14,
01:34:12,   5652640,  8.49611e-11,  2.68356e-13,  2.26138e-12,  1.10776e-07,  5.12719e-12,
01:34:34,   5674516,  9.15911e-11,  4.43578e-12,  5.78197e-12,  1.10421e-07,  3.04979e-12,
01:34:58,   5698492,  7.86267e-11,  4.15164e-12,  4.88255e-13,  1.10618e-07,  1.63539e-12,
01:35:22,   5722228,  8.76378e-11,  4.29371e-12,  1.38766e-12,  1.10460e-07,  7.51399e-13,
01:35:42,   5742003,  8.43478e-11,  1.48385e-12,  1.85022e-12,  1.10697e-07, -2.25419e-12,
01:36:01,   5761778,  8.96022e-11,  6.62993e-13,  1.77313e-12,  1.10736e-07, -2.03319e-12,
01:36:21,   5781552,  8.99467e-11,  1.19971e-12,  2.08150e-12,  1.09986e-07,  5.92279e-12,
01:36:43,   5803427,  8.88167e-11, -1.10499e-13,  2.03010e-12,  1.11052e-07,  2.96139e-12,
01:37:05,   5825301,  8.48144e-11,  1.75221e-12,  3.85464e-12,  1.11644e-07, -9.06099e-13,
01:37:27,   5847178,  9.69200e-11, -2.69935e-12,  2.64685e-12,  1.10973e-07, -2.71829e-12,
01:37:53,   5873256,  9.19356e-11, -2.17842e-12,  1.72173e-12,  1.11249e-07, -3.38129e-12,
01:38:15,   5895131,  9.10756e-11,  9.47136e-13,  3.88034e-12,  1.11407e-07,  8.17699e-13,
01:38:39,   5919106,  9.13456e-11,  1.08921e-12, -3.80324e-12,  1.10934e-07,  2.58569e-12,
01:38:58,   5938880,  8.98233e-11, -2.54149e-12, -4.77976e-12,  1.11210e-07,  3.95589e-12,
01:39:20,   5960755,  9.00444e-11,  3.44128e-12,  1.49045e-12,  1.11091e-07,  5.85649e-12,
01:39:40,   5980528,  8.87189e-11, -7.89279e-14, -1.10499e-12,  1.11013e-07,  2.20999e-12,
01:40:02,   6002402,  9.70189e-11, -2.03635e-12, -3.59766e-13,  1.11171e-07,  2.05529e-12,
01:40:26,   6026378,  9.00200e-11,  2.43099e-12,  3.59766e-12,  1.11762e-07, -1.98899e-13,
01:40:46,   6046152,  9.62822e-11,  3.12556e-12,  2.80103e-12,  1.11210e-07,  2.43099e-12,
01:41:05,   6065686,  9.00200e-11, -2.69935e-12,  3.18650e-12,  1.11013e-07,  4.41999e-13,
01:41:29,   6089663,  9.41700e-11,  3.23606e-12,  7.29813e-12,  1.11920e-07,  5.63549e-12,
01:41:51,   6111538,  8.65089e-11,  2.90456e-12,  1.02019e-11,  1.11249e-07, -1.12709e-12,
01:42:11,   6131312,  9.89833e-11, -2.95192e-12,  5.13952e-13,  1.11723e-07,  4.95039e-12,
01:42:33,   6153187,  8.92344e-11,  2.57306e-12,  1.19493e-11,  1.11920e-07, -7.95599e-13,
01:42:57,   6177165,  9.38011e-11,  3.12556e-12,  1.05360e-12,  1.11723e-07,  7.18249e-12,
01:43:21,   6201141,  4.14988e-11,  2.19421e-12, -2.05580e-13,  1.10815e-07, -3.27079e-12,
01:43:45,   6225117,  1.63539e-11,  1.19971e-12, -5.57638e-12,  1.09513e-07,  2.91719e-12,
01:44:06,   6246992,  1.46596e-11, -3.28342e-12,  4.06022e-12,  1.08487e-07,  1.37019e-12,
01:44:26,   6266767,  5.72143e-12,  8.99779e-13,  4.00883e-12,  1.07776e-07,  1.19339e-12,
01:44:52,   6292844,  8.49611e-12,  1.26285e-13, -3.34069e-12,  1.07224e-07,  1.21549e-12,
01:45:14,   6314721,  8.39789e-12, -2.66778e-12, -2.92952e-12,  1.06277e-07,  3.46969e-12,
01:45:34,   6334495,  3.92888e-13,  2.20999e-12, -4.52278e-12,  1.06119e-07,  2.03319e-12,
01:45:54,   6354269,  4.98477e-12,  1.81535e-12, -4.36859e-13,  1.06474e-07,  4.13269e-12,
01:46:16,   6376145,  8.98722e-12, -3.26764e-12,  1.43906e-12,  1.06356e-07, -1.98899e-12,
01:46:35,   6395919,  8.98722e-12,  8.52421e-13, -1.02790e-13,  1.05527e-07,  3.97799e-13,
01:46:55,   6415693,  1.03623e-11,  4.73571e-13,  3.95743e-12,  1.05211e-07,  4.41999e-14,
01:47:19,   6439669,  9.96944e-12,  3.15714e-14,  4.65127e-12,  1.04935e-07,  1.48069e-12,
01:47:41,   6461545, -4.91110e-14, -1.32599e-12,  1.51615e-12,  1.05093e-07, -2.47519e-12,
01:48:03,   6483420,  5.94243e-12, -4.02535e-12,  3.34069e-13,  1.04699e-07,  6.91729e-12,
01:48:25,   6505296,  1.00677e-11, -3.12556e-12,  2.26138e-12,  1.04619e-07,  1.59119e-12,
01:48:47,   6527172, -3.68332e-12,  4.41999e-13,  2.56976e-12,  1.04580e-07, -1.70169e-12,
01:49:11,   6551148,  5.40221e-12,  2.66778e-12,  2.69824e-12,  1.04304e-07, -2.74039e-12,
01:49:35,   6575124,  9.38011e-12,  1.98899e-12, -1.92731e-12,  1.05211e-07,  3.82329e-12,
01:49:54,   6594900,  4.59188e-12,  5.20928e-13,  1.00221e-12,  1.04896e-07,  8.61890e-12,
01:50:18,   6618876, -2.79932e-12, -6.29843e-12, -1.31057e-12,  1.04264e-07,  4.37579e-12,
01:50:42,   6642853,  1.30143e-12, -6.31421e-14, -7.86348e-12,  1.04659e-07,  1.14919e-12,
01:51:06,   6666829,  4.81288e-12, -1.87849e-12, -2.23569e-12,  1.04304e-07, -1.34809e-12,
01:51:28,   6688705,  2.11177e-12,  2.85721e-12,  9.25115e-13,  1.04659e-07, -4.37579e-12,
01:51:50,   6710579, -1.64521e-12,  1.48385e-12, -6.19313e-12,  1.03711e-07,  7.04989e-12,
01:52:10,   6730354,  2.16088e-12, -2.68356e-13,  6.83557e-12,  1.04422e-07, -3.53599e-12,
01:52:30,   6750128,  2.35732e-12, -2.20999e-13,  2.18429e-12,  1.05251e-07,  1.81219e-12,
01:52:52,   6772002,  6.85099e-12,  2.25735e-12,  1.10499e-12,  1.05211e-07, -7.51399e-13,
01:53:09,   6789676,  6.13888e-12,  3.69385e-12,  7.19534e-12,  1.04935e-07, -4.11059e-12,
01:53:33,   6813653,  3.26588e-12,  2.19421e-12, -3.72615e-12,  1.04935e-07, -5.08299e-13,
01:53:59,   6839730, -1.22777e-12,  2.99928e-13,  5.78197e-12,  1.05409e-07, -2.62989e-12,
01:54:17,   6857403,  7.44032e-12, -5.88800e-12,  3.21220e-12,  1.05488e-07, -1.92269e-12,
01:54:39,   6879280,  1.37510e-12, -3.01506e-12,  4.47138e-12,  1.05685e-07,  1.28179e-12,
01:55:03,   6903256,  7.61221e-12,  6.94564e-13,  6.70708e-12,  1.05488e-07, -1.50279e-12,
01:55:27,   6927232,  1.47332e-13,  4.73564e-14,  1.56755e-12,  1.05724e-07,  1.03869e-12,
01:55:47,   6947006,  6.08977e-12, -7.73493e-13,  2.67255e-12,  1.06277e-07,  1.32599e-13,
01:56:08,   6968883,  4.66554e-13,  1.34178e-12,  2.28708e-12,  1.05566e-07,  1.74589e-12,
01:56:32,   6992860,  4.66554e-12,  6.31421e-14,  5.67917e-12,  1.05882e-07,  6.32059e-12,
01:56:56,   7016836, -3.80610e-12,  6.62993e-12, -9.53372e-12,  1.05843e-07,  7.95590e-12,
01:57:22,   7042672,  1.48806e-11, -1.98899e-12,  2.15859e-12,  1.05566e-07,  3.73489e-12,
01:57:46,   7066650,  2.13632e-12, -1.10499e-13,  2.56976e-13,  1.04856e-07, -1.08289e-12,
01:58:10,   7090626,  4.59188e-12, -2.30471e-12, -7.70919e-14,  1.05606e-07, -1.01659e-12,
01:58:36,   7116703, -8.10322e-12,  9.31350e-13, -1.07929e-12,  1.06079e-07,  2.82879e-12,
01:58:58,   7138579, -3.21677e-12, -4.13585e-12, -5.62778e-12,  1.06198e-07, -1.03869e-12,
01:59:22,   7162556,  6.26166e-12, -6.47214e-13,  4.11162e-13,  1.05448e-07,  9.39240e-12,
01:59:46,   7186533, -2.77477e-12,  9.47136e-13, -1.69603e-12,  1.06237e-07, -6.85099e-13,
02:00:10,   7210509,  1.93988e-12,  2.79406e-12,  8.17185e-12,  1.05804e-07, -1.03206e-11,
02:00:34,   7234487, -5.47588e-12, -8.99779e-13,  3.21220e-12,  1.05409e-07,  3.20449e-12,
02:00:58,   7258464,  1.32599e-12, -1.18392e-12,  9.76510e-13,  1.05566e-07,  3.33709e-12,
02:01:24,   7284540,  2.67654e-12,  3.20449e-12,  5.01103e-12,  1.05132e-07,  3.44759e-12,
02:01:44,   7304316,  8.83989e-12,  8.12957e-12,  4.77976e-12,  1.05566e-07,  1.14919e-12,
02:02:08,   7328292,  7.85777e-13,  9.78707e-13, -1.00477e-11,  1.05804e-07,  4.39789e-12,
02:02:32,   7352268,  4.54277e-12,  2.76249e-12, -1.38766e-12,  1.06040e-07,  1.76799e-13,
02:02:54,   7374144, -2.30821e-12,  2.49414e-12, -5.96185e-12,  1.05566e-07,  4.41999e-12,
02:03:20,   7400221,  6.80188e-12,  4.04114e-12, -1.92731e-12,  1.06316e-07,  9.98910e-12,
02:03:44,   7424197, -3.43777e-13, -2.92035e-12,  1.64464e-12,  1.05646e-07, -3.00559e-12,
02:04:06,   7446073,  9.08544e-12, -1.35756e-12,  3.41778e-12,  1.05685e-07, -2.74039e-12,
02:04:30,   7470049,  3.11854e-12, -4.75149e-12, -7.70919e-14,  1.05764e-07,  1.04090e-11,
02:04:54,   7494024,  5.69688e-12,  6.47214e-13,  3.75185e-12,  1.05646e-07,  4.08849e-12,
02:05:15,   7515899, -6.38443e-12, -2.06792e-12, -5.01103e-12,  1.06119e-07,  1.32599e-13,
02:05:39,   7539875,  5.08299e-12, -3.06242e-12,  4.62557e-13,  1.05921e-07,  3.04979e-12,
02:06:05,   7565952,  7.12110e-13,  8.25586e-12, -2.41557e-12,  1.06079e-07, -2.71829e-12,
02:06:29,   7589929,  4.96021e-12,  9.47136e-14,  9.76510e-13,  1.05882e-07,  2.90614e-12,
02:06:51,   7611805,  8.61889e-12,  1.43649e-12,  3.36638e-12,  1.05724e-07,  3.53599e-12,
02:07:15,   7635781,  2.23454e-12,  4.43578e-12,  3.23790e-12,  1.06001e-07, -1.61329e-12,
02:07:37,   7657656, -5.10754e-12, -1.95742e-12,  4.36859e-13,  1.05409e-07,  4.86199e-13,
02:08:03,   7683733,  3.36410e-12, -2.13106e-12,  2.36417e-12,  1.05566e-07,  4.24319e-12,
02:08:25,   7705608, -1.37510e-12,  3.86749e-12, -4.83115e-12,  1.05764e-07, -1.19339e-12,
02:08:47,   7727482,  5.57410e-12,  4.10428e-13,  6.32162e-12,  1.05724e-07, -1.28179e-12,
02:09:09,   7749357,  5.18121e-12,  3.45706e-12,  8.73720e-13,  1.06119e-07,  1.98899e-13,
02:09:31,   7771232,  4.46910e-12, -8.68207e-13, -7.70929e-12,  1.06119e-07,  1.32599e-13,
02:09:57,   7797309, -1.71888e-12,  1.64171e-12,  8.32603e-12,  1.06119e-07, -3.97799e-13,
02:10:19,   7819185,  8.34888e-13,  5.20928e-13, -2.28708e-12,  1.06869e-07, -1.30389e-12,
02:10:43,   7843161,  2.50466e-12,  3.45706e-12,  3.85464e-12,  1.05882e-07, -6.23219e-12,
02:11:05,   7865038, -3.06943e-12, -2.36785e-13, -2.74964e-12,  1.05685e-07,  2.58569e-12,
02:11:31,   7891114, -1.74343e-12,  7.02457e-12,  9.19965e-12,  1.06079e-07, -4.86199e-13,
02:11:50,   7910889,  2.06266e-12, -4.17531e-12,  6.29592e-12,  1.06040e-07,  5.01669e-12,
02:12:12,   7932764,  2.92210e-12, -6.69307e-12, -1.00221e-12,  1.05804e-07,  1.39229e-12,
02:12:38,   7958841,  2.77477e-12,  2.84142e-13,  2.15859e-12,  1.05488e-07, -2.87299e-13,
02:13:02,   7982817, -4.12532e-12, -8.99779e-13,  3.46917e-12,  1.06119e-07,  7.51399e-13,
02:13:28,   8008894, -5.57410e-12,  2.96771e-12,  1.02791e-12,  1.05448e-07, -2.20999e-14,
02:13:50,   8030769, -1.05588e-12, -9.15564e-13,  9.36674e-12,  1.05764e-07,  5.63549e-12,
02:14:14,   8054746,  8.15233e-12,  5.52499e-13, -1.32085e-11,  1.06119e-07,  3.16029e-12,
02:14:40,   8080823,  1.30389e-11, -1.89428e-12, -3.57197e-12,  1.05685e-07,  5.06089e-12,
02:15:04,   8104799,  8.05421e-12,  3.04664e-12,  5.60208e-12,  1.05843e-07, -1.87849e-12,
02:15:26,   8126675,  2.97121e-12,  3.70964e-12,  6.96406e-12,  1.05882e-07, -4.46419e-12,
02:15:52,   8152752, -2.13632e-12, -9.47136e-14, -1.67034e-12,  1.06159e-07,  1.56909e-12,
02:16:14,   8174627,  9.57666e-13, -7.70336e-12, -3.44348e-12,  1.05290e-07,  5.03879e-12,
02:16:38,   8198604,  2.92210e-12, -8.83993e-13, -8.76279e-12,  1.05527e-07, -2.01109e-12,
02:17:04,   8224681,  7.29299e-12, -3.67806e-12, -1.10499e-12,  1.05921e-07,  6.51949e-12,
02:17:28,   8248658,  3.53599e-12, -6.31421e-14, -2.15859e-12,  1.05882e-07,  9.06099e-13,
02:17:48,   8268433,  6.43354e-12, -3.22028e-12, -1.74743e-12,  1.05330e-07,  4.19899e-13,
02:18:08,   8288207,  4.32177e-12,  3.09399e-12, -1.97871e-12,  1.05961e-07,  3.86749e-12,
02:18:25,   8305881,  1.98899e-12, -1.73642e-12, -4.29150e-12,  1.06040e-07, -3.00559e-12,
02:18:45,   8325656, -6.87554e-13, -2.09949e-12,  4.52278e-12,  1.06395e-07,  2.43099e-12,
02:19:07,   8347531, -9.33110e-13,  2.79406e-12,  5.92844e-11,  1.04027e-07,  1.08919e-09,
02:19:29,   8369407,  1.37756e-11, -1.10499e-12,  7.85371e-10,  6.64971e-08,  1.15823e-08,
02:19:48,   8388222,  1.92023e-11,  5.36714e-13,  1.34873e-09,  3.15319e-08,  6.27800e-08,
02:20:06,   8406617,  2.95157e-11,  2.46256e-12,  1.26185e-08,  2.10857e-08,  7.23050e-08,
02:20:22,   8422372,  3.21677e-11, -1.64171e-12,  1.99413e-08,  1.50931e-08,  7.77030e-08,
02:20:37,   8437708,  3.32236e-11,  2.41521e-12,  2.09692e-08,  1.27943e-08,  8.07530e-08,
02:20:50,   8450943,  3.84293e-11,  1.72064e-12,  2.17594e-08,  9.72393e-09,  8.34320e-08,
02:21:08,   8468379,  3.92397e-11,  4.62521e-12,  2.22606e-08,  7.74679e-09,  8.53390e-08,
02:21:25,   8485815,  4.67046e-11,  4.87778e-12,  2.26395e-08,  6.93186e-09,  8.63830e-08,
02:21:41,   8501151,  5.24506e-11,  4.60942e-12,  2.28965e-08,  6.34782e-09,  8.73830e-08,
02:21:56,   8516488,  4.97249e-11,  9.15564e-12,  2.30957e-08,  5.18871e-10,  8.82010e-08,
02:22:12,   8532783,  4.45314e-11,  3.96221e-12,  2.33013e-08,  4.76721e-10,  8.87360e-08,
02:22:26,   8546977,  5.07808e-11,  5.01985e-12,  2.35069e-08,  4.54307e-10,  8.95820e-08,
02:22:45,   8565374,  5.09281e-11,  5.27236e-12,  2.34491e-08,  4.46257e-10,  8.99910e-08,
02:23:03,   8583771,  5.04124e-11,  6.94564e-12,  2.38088e-08,  3.06558e-10,  9.09190e-08,
02:23:24,   8604267,  5.65022e-11,  3.67806e-12,  2.39437e-08,  3.56125e-10,  9.13330e-08,
02:23:38,   8618461,  5.87859e-11,  5.43021e-12,  2.42328e-08,  3.13661e-10,  9.15980e-08,
02:23:54,   8634756,  5.84421e-11,  1.67328e-12,  2.42136e-08,  2.64410e-10,  9.22010e-08,
02:24:15,   8655013,  5.50289e-11,  5.01985e-12,  2.43549e-08,  3.00401e-10,  9.25710e-08,
02:24:33,   8673408,  6.61033e-11,  6.85093e-12,  2.45669e-08,  3.23922e-10,  9.30070e-08,
02:24:53,   8693666,  6.44091e-11,  3.83592e-12,  2.47147e-08,  2.67094e-10,  9.33720e-08,
02:25:09,   8709962,  7.49433e-11,  4.41999e-13,  2.47724e-08,  2.65673e-10,  9.40290e-08,
02:25:28,   8728359,  7.01789e-11,  5.06721e-12,  2.48560e-08,  2.20210e-10,  9.44660e-08,
02:25:44,   8744654,  6.96878e-11,  2.09949e-12,  2.50037e-08,  2.14843e-10,  9.48530e-08,
02:26:00,   8760950,  7.48689e-11,  7.59286e-12,  2.50294e-08,  2.07266e-10,  9.53610e-08,
02:26:17,   8777246,  7.79389e-11,  4.56206e-12,  2.53057e-08,  1.93216e-10,  9.56590e-08,
02:26:35,   8795641,  7.23644e-11,  8.60314e-12,  2.52993e-08,  1.80430e-10,  9.59080e-08,
02:26:49,   8809836,  6.65700e-11,  7.52971e-12,  2.54278e-08,  1.69854e-10,  9.63390e-08,
02:27:10,   8830333,  8.46667e-11,  6.97721e-12,  2.55691e-08,  1.83271e-10,  9.69080e-08,
02:27:28,   8848730,  8.09833e-11, -2.49414e-12,  2.56848e-08,  1.77589e-10,  9.71730e-08,
02:27:47,   8867126,  7.80122e-11,  2.58885e-12,  2.58260e-08,  1.57541e-10,  9.75820e-08,
02:28:05,   8885521,  8.01978e-11,  1.04027e-11,  2.58647e-08,  1.71432e-10,  9.79470e-08,
02:28:23,   8903916,  7.96822e-11,  2.25735e-12,  2.60252e-08,  1.45701e-10,  9.84110e-08,
02:28:44,   8924412,  8.25800e-11,  2.68356e-12,  2.61280e-08,  1.19181e-10,  9.86480e-08,
02:29:04,   8944909,  7.67844e-11,  2.30471e-12,  8.22324e-09,  8.28986e-09,  1.21052e-08,
02:29:23,   8963305,  1.80728e-11,  2.74671e-12,  5.63421e-10,  7.20000e-08,  1.35914e-09,
02:29:39,   8979059,  1.38492e-11,  2.73092e-12,  1.63436e-11,  6.99971e-08,  4.78740e-10,
02:30:04,   9004595,  7.31754e-12,  2.33628e-12,  8.66000e-12,  7.04850e-08,  3.37687e-11,
02:30:26,   9026890,  5.27943e-12, -2.99928e-13,  9.14826e-12,  7.11679e-08,  2.95918e-11,
02:30:51,   9051285,  4.81288e-12, -3.63071e-13,  4.41999e-12,  7.04750e-08,  1.88070e-11,
02:31:17,   9077781,  8.27511e-12,  1.40492e-12,  5.57638e-12,  7.10471e-08,  2.12601e-11,
02:31:42,   9102176, -3.78154e-12,  1.21549e-12,  6.68138e-13,  7.02893e-08,  1.56025e-11,
02:32:08,   9128674,  1.37510e-12,  1.73642e-13,  1.59324e-12,  7.08121e-08,  1.46743e-11,
02:32:33,   9153070,  2.70110e-12,  1.19971e-12,  5.11383e-12,  6.95457e-08,  1.20665e-11,
02:32:57,   9177465,  5.91788e-12,  1.19971e-12,  1.15638e-11,  6.98414e-08,  1.44975e-11,
02:33:21,   9201860,  1.15410e-12,  1.16814e-12,  3.93173e-12,  7.03621e-08,  7.35920e-12,
02:33:45,   9225175,  6.94921e-12,  1.10499e-12,  7.50371e-12,  7.07729e-08,  6.40899e-12,
02:34:13,   9253771,  3.60966e-12,  9.62921e-13,  3.16080e-12,  7.04550e-08,  1.08952e-11,
02:34:40,   9280267,  3.43777e-12, -2.71514e-12,  4.29150e-12,  7.09329e-08,  5.65759e-12,
02:35:06,   9306764,  6.67910e-12, -9.15564e-13, -5.39650e-13,  7.02893e-08,  1.89838e-11,
02:35:31,   9331160,  5.81966e-12, -6.48786e-12,  2.90383e-12,  7.10079e-08,  3.20449e-12,
02:35:57,   9357656,  6.62999e-12,  2.84142e-13,  3.88034e-12,  7.01136e-08,  1.16245e-11,
02:36:19,   9379951, -1.37510e-12, -1.57856e-13, -2.72394e-12,  7.10036e-08,  7.38130e-12,
02:36:46,   9406448,  7.36666e-13, -5.05142e-13, -7.99197e-12,  7.04964e-08,  6.36479e-12,
02:37:10,   9430843,  1.93988e-12,  2.68356e-13,  7.45231e-12,  7.11736e-08,  1.16245e-11,
02:37:39,   9459440,  4.39543e-12,  1.29442e-12,  7.06685e-12,  7.16986e-08,  9.65760e-12,
02:38:01,   9481736, -7.36666e-13,  2.46256e-12,  3.90603e-12,  7.18879e-08,  4.11059e-12,
02:38:26,   9506132,  5.69688e-12,  2.92035e-12,  3.36638e-12,  7.07607e-08, -6.40899e-13,
02:38:52,   9532629,  8.76622e-12, -8.36636e-13,  5.39650e-13,  7.17100e-08,  5.45869e-12,
02:39:17,   9557024,  4.17443e-12,  8.36636e-13,  3.46917e-12,  7.14693e-08,  2.32049e-12,
02:39:43,   9583521, -1.62066e-12, -2.52571e-13,  5.26801e-12,  7.21757e-08,  9.56920e-12,
02:40:07,   9607916,  5.67232e-12,  5.99856e-13,  2.18429e-12,  7.21621e-08,  3.29289e-12,
02:40:32,   9632311,  2.70110e-13,  1.54699e-12, -3.34069e-13,  7.14000e-08,  4.41999e-13,
02:40:56,   9656707,  4.78832e-12,  2.20999e-13,  2.74964e-12,  7.19350e-08,  3.22659e-12,
02:41:16,   9676901,  7.36666e-13,  1.26285e-13,  2.20999e-12,  7.30364e-08,  6.62999e-12,
02:41:43,   9703398,  2.52921e-12, -3.88328e-12,  5.85906e-12,  7.24600e-08,  3.66859e-12,
02:42:09,   9729894,  4.61643e-12,  4.48314e-12,  3.98313e-12,  7.20893e-08, -1.76799e-13,
02:42:36,   9756391,  1.71888e-12, -1.42071e-13,  6.27022e-12,  7.25864e-08, -2.14369e-12,
02:43:00,   9780786, -8.56978e-12,  4.94092e-12,  1.90162e-12,  7.28764e-08,  5.30399e-13,
02:43:29,   9809383,  9.28189e-12, -9.15564e-13,  6.78417e-12,  7.18879e-08, -2.76249e-12,
02:43:53,   9833780, -2.33277e-12, -5.52499e-13,  5.62778e-12,  7.27971e-08,  9.65760e-12,
02:44:22,   9862378, -9.82211e-14,  1.42071e-13, -3.80324e-12,  7.27657e-08,  5.61339e-12,
02:44:48,   9888873, -3.14310e-12, -1.38914e-12,  3.75185e-12,  7.34564e-08,  5.01669e-12,
02:45:11,   9911167, -5.15666e-13, -2.84142e-12, -1.95301e-12,  7.30479e-08,  3.88959e-12,
02:45:35,   9935563, -1.30143e-12, -2.32049e-12, -1.05360e-12,  7.25429e-08,  2.85089e-12,
02:45:57,   9957858,  5.13210e-12, -2.68356e-12,  2.20999e-12,  7.39871e-08,  1.00996e-11,
02:46:24,   9984354,  7.98054e-12, -4.95671e-12,  1.56755e-12,  7.29886e-08, -3.91169e-12,
02:46:50,  10010850,  3.73243e-12, -1.72064e-12,  4.36859e-12,  7.39421e-08, -1.54699e-12,
02:47:17,  10037346,  6.33532e-12,  1.57856e-13, -9.25115e-13,  7.35414e-08,  8.46420e-12,
02:47:45,  10065943, -4.98477e-12,  4.68835e-12,  4.70266e-12,  7.32529e-08, -3.09399e-13,
02:48:10,  10090338, -5.15666e-13,  6.12479e-12, -7.55510e-12,  7.36186e-08,  6.25429e-12,
02:48:36,  10116834,  3.36410e-12, -6.31421e-14, -2.31278e-13,  7.47071e-08,  3.07189e-12,
02:49:03,  10143330, -2.33277e-12, -5.05142e-13,  2.67255e-12,  7.39257e-08, -2.76249e-12,
02:49:27,  10167727,  8.37333e-12, -4.32528e-12, -8.22324e-13,  7.43250e-08, -1.92269e-12,
02:49:54,  10194223, -1.59610e-12,  4.15164e-12, -6.32162e-12,  7.31350e-08,  4.37579e-12,
02:50:16,  10216520,  6.87554e-13, -3.31499e-13,  5.55069e-12,  7.39950e-08,  5.12719e-12,
02:50:40,  10240915, -2.43099e-12, -5.24079e-12,  4.21441e-12,  7.38000e-08,  1.98899e-12,
02:51:05,  10265311, -2.20999e-13, -3.50442e-12, -9.50813e-13,  7.38193e-08,  1.79009e-12,
02:51:31,  10291807,  1.79254e-12, -3.94642e-13, -4.36859e-13,  7.43443e-08,  8.17699e-13,
02:52:00,  10320404,  6.28621e-12,  1.78378e-12, -5.03673e-12,  7.42557e-08, -6.85099e-13,
02:52:29,  10349001,  8.07877e-12,  9.78707e-13,  1.02790e-13,  7.49129e-08, -2.40889e-12,
02:52:50,  10370214,  2.33277e-12,  1.84692e-12, -5.13952e-13,  7.38964e-08,  2.07739e-12,
02:53:13,  10393529, -2.70110e-13,  2.30471e-12,  9.25115e-13,  7.46721e-08,  2.07739e-12,
02:53:42,  10422126, -2.23454e-12,  7.26136e-13, -6.16743e-12,  7.44529e-08,  1.37019e-12,
02:54:08,  10448622,  1.00678e-12, -3.97799e-12,  2.18429e-12,  7.47507e-08, -8.72940e-12,
02:54:28,  10468816,  5.69688e-12,  1.07342e-12, -1.18208e-12,  7.41943e-08,  3.82329e-12,
02:54:55,  10495312, -2.33277e-12,  4.73571e-13, -2.72394e-12,  7.56486e-08, -2.85089e-12,
02:55:23,  10523910, -1.66977e-12,  3.29921e-12,  7.22103e-12,  7.51057e-08,  1.60445e-11,
02:55:46,  10546204, -6.04066e-12,  7.57707e-13,  5.08813e-12,  7.43600e-08,  4.13932e-11,
02:56:12,  10572700, -9.82221e-13, -2.65199e-12,  9.07116e-12,  7.42850e-08,  2.55696e-10,
02:56:41,  10601298,  5.32854e-12,  5.11456e-12,  9.91919e-12,  7.49564e-08,  8.79380e-10,
02:57:07,  10627794, -5.35310e-12,  3.70964e-12, -3.10941e-12,  7.28864e-08,  1.15927e-09,
02:57:34,  10654290,  4.32177e-12,  4.86199e-12, -4.88255e-13,  7.35986e-08,  1.11386e-08,
02:57:57,  10677725,  4.02710e-12,  3.44128e-12,  3.90603e-12,  7.31071e-08,  1.79451e-08,
02:58:18,  10698641,  3.29043e-12,  9.07671e-12,  1.48274e-11,  7.30971e-08,  1.87739e-08,
02:58:39,  10719558, -2.40643e-12,  4.60942e-12,  2.77534e-12,  7.31129e-08,  1.91662e-08,
02:59:02,  10742575,  8.00510e-12,  8.31900e-12,  1.07929e-12,  7.44429e-08,  1.94645e-08,
02:59:23,  10763491,  1.47332e-13,  7.37186e-12, -3.00662e-12,  7.35021e-08,  1.96303e-08,
02:59:46,  10786508,  2.23454e-12,  1.37809e-11,  9.04547e-12,  7.45257e-08,  1.98513e-08,
03:00:09,  10809524,  1.33827e-11,  6.94564e-12, -7.96627e-13,  7.41093e-08,  1.99562e-08,
03:00:30,  10830200, -2.08721e-12,  9.67657e-12, -1.15638e-12,  7.49721e-08,  2.00944e-08,
03:00:53,  10853216,  0.00000e+00,  1.34809e-11,  9.25115e-13,  7.45457e-08,  2.01883e-08,
03:01:14,  10874132,  5.32854e-12,  1.57225e-11,  4.72836e-12,  7.47507e-08,  2.03596e-08,
03:01:33,  10893968, -3.43777e-13,  1.21865e-11,  9.68791e-12,  7.46721e-08,  2.03927e-08,
03:01:56,  10916984, -1.10499e-12,  1.90533e-11,  9.66221e-12,  7.51100e-08,  2.04259e-08,
03:02:17,  10937901,  2.01354e-12,  1.42702e-11, -7.70919e-14,  7.49643e-08,  2.04038e-08,
03:02:38,  10958817, -2.28366e-12,  2.14369e-11, -2.05580e-13,  7.57393e-08,  2.04756e-08,
03:02:59,  10979734,  5.00932e-12,  2.36469e-11, -1.77313e-12,  7.48121e-08,  2.05143e-08,
03:03:20,  11000651, -5.89332e-12,  2.19736e-11, -2.31278e-12,  7.60214e-08,  2.05364e-08,
03:03:42,  11022588,  3.43777e-12,  2.77828e-11,  4.88255e-13,  7.55343e-08,  2.06855e-08,
03:04:03,  11043504,  5.18121e-12,  2.44520e-11,  7.16964e-12,  7.60943e-08,  2.07518e-08,
03:04:22,  11062319,  7.61221e-13,  2.40416e-11,  6.47580e-12,  1.08408e-07,  2.07408e-08,
03:04:40,  11080714,  5.96699e-12,  3.05137e-11,  5.73057e-12,  1.08329e-07,  2.06579e-08,
03:04:59,  11099109,  9.06089e-12,  2.79880e-11,  4.72836e-12,  1.07934e-07,  2.06745e-08,
03:05:17,  11117505,  2.16088e-12,  2.62831e-11,  3.59766e-13,  1.08211e-07,  2.07960e-08,
03:05:33,  11133800, -6.13888e-13,  3.28184e-11,  1.15638e-12,  1.08131e-07,  2.08016e-08,
03:05:47,  11147995,  3.24132e-12,  3.03243e-11,  9.01977e-12,  1.08250e-07,  2.08789e-08,
03:06:06,  11166390, -5.15666e-13,  3.15714e-11, -1.92731e-12,  1.08289e-07,  2.08679e-08,
03:06:26,  11186886,  2.57832e-12,  3.10504e-11, -4.11162e-12,  1.08289e-07,  2.09065e-08,
03:06:40,  11200839, -1.12954e-12,  3.22817e-11, -3.54627e-12,  1.09236e-07,  2.08679e-08,
03:06:59,  11219235,  1.66977e-12,  3.75226e-11,  4.00883e-12,  1.09434e-07,  2.08734e-08,
03:07:15,  11235529,  6.50721e-12,  3.76489e-11, -5.03673e-12,  1.09276e-07,  2.09563e-08,
03:07:33,  11253925,  1.15410e-12,  3.49811e-11, -3.44348e-12,  1.09079e-07,  2.10060e-08,
03:07:50,  11270220,  2.94666e-12,  3.78225e-11,  1.43906e-12,  1.09789e-07,  2.11662e-08,
03:08:06,  11286515,  3.19221e-13,  3.18713e-11, -3.93173e-12,  1.09394e-07,  2.10557e-08,
03:08:24,  11304911, -3.53599e-12,  3.54862e-11,  2.56976e-13,  1.10105e-07,  2.10060e-08,
03:08:45,  11325408, -1.22777e-13,  3.82803e-11, -3.57197e-12,  1.10657e-07,  2.11220e-08,
03:09:05,  11345903, -2.28366e-12,  3.15082e-11,  3.98313e-12,  1.10815e-07,  2.11994e-08,
03:09:24,  11364299, -4.17443e-13,  4.09481e-11, -2.41557e-12,  1.11289e-07,  2.11883e-08,
03:09:42,  11382695,  9.82221e-13,  3.86907e-11,  5.08813e-12,  1.11013e-07,  2.12380e-08,
03:09:58,  11398991, -6.65454e-12,  3.37971e-11,  2.10720e-12,  1.11407e-07,  2.11994e-08,
03:10:17,  11417387, -3.85521e-12,  3.49021e-11, -5.39650e-13,  1.11881e-07,  2.11828e-08,
03:10:35,  11435782, -2.65199e-12,  4.03324e-11,  4.47138e-12,  1.11920e-07,  2.11773e-08,
03:10:52,  11452078, -1.22777e-12,  3.87696e-11,  8.30034e-12,  1.12236e-07,  2.13596e-08,
03:11:08,  11468372, -3.04488e-12,  4.06797e-11,  3.08371e-12,  1.12828e-07,  2.12822e-08,
03:11:26,  11486768,  4.24810e-12,  3.94326e-11, -9.32814e-12,  1.12078e-07,  2.14204e-08,
03:11:43,  11503063,  1.57154e-12,  4.43257e-11,  4.77976e-12,  1.12512e-07,  2.13596e-08,
03:12:01,  11521461, -5.89332e-13,  4.27629e-11,  5.60208e-12,  1.12946e-07,  2.13762e-08,
03:12:19,  11539857,  2.65199e-12,  3.41286e-11, -1.97871e-12,  1.12670e-07,  2.14425e-08,
03:12:38,  11558252,  5.08299e-12,  3.95274e-11, -4.03452e-12,  1.13656e-07,  2.13264e-08,
03:12:56,  11576648, -1.10499e-12,  4.13743e-11, -7.70929e-13,  1.13381e-07,  2.14590e-08,
03:13:10,  11590842,  6.01610e-12,  3.91643e-11, -8.50581e-12,  1.12946e-07,  2.15032e-08,
03:13:31,  11611339, -1.91532e-12,  4.07271e-11,  4.93394e-12,  1.13696e-07,  2.14701e-08,
03:13:47,  11627634,  1.86621e-12,  3.96221e-11,  4.75406e-12,  1.14209e-07,  2.15916e-08,
03:14:03,  11643929, -1.59610e-12,  4.14374e-11, -2.13290e-12,  1.13933e-07,  2.15309e-08,
03:14:22,  11662324,  4.17443e-12,  3.93537e-11, -3.80324e-12,  1.14525e-07,  2.15143e-08,
03:14:38,  11678619,  9.08554e-13,  4.24471e-11, -5.65348e-13,  1.14722e-07,  2.16745e-08,
03:14:54,  11694914,  1.81710e-12,  4.21000e-11, -1.14610e-11,  1.14564e-07,  2.16690e-08,
03:15:11,  11711209,  2.84843e-12,  4.20529e-11,  8.48022e-13,  1.14722e-07,  2.16690e-08,
03:15:27,  11727503,  3.24132e-12,  4.05219e-11, -3.59766e-13,  1.14880e-07,  2.16414e-08,
03:15:41,  11741696,  8.42244e-12,  4.09323e-11,  8.22324e-13,  1.15630e-07,  2.17298e-08,
03:15:57,  11757991,  6.38443e-13,  4.04903e-11, -3.54627e-12,  1.14801e-07,  2.16690e-08,
03:16:18,  11778487,  1.42421e-12,  3.95905e-11,  9.09686e-12,  1.15709e-07,  2.18126e-08,
03:16:34,  11794783, -5.40221e-13,  4.04903e-11, -1.05360e-12,  1.15749e-07,  2.17878e-08,
03:16:48,  11808977,  2.08721e-12,  3.87539e-11, -1.33627e-12,  1.16064e-07,  2.17298e-08,
03:17:07,  11827372, -1.59610e-12,  4.30629e-11,  3.95743e-12,  1.16143e-07,  2.17961e-08,
03:17:25,  11845770, -6.72821e-12,  3.94642e-11, -4.57417e-12,  1.16261e-07,  2.18955e-08,
03:17:44,  11864165,  2.25910e-12,  4.13585e-11,  3.34069e-13,  1.15985e-07,  2.18237e-08,
03:18:00,  11880219, -3.46232e-12,  4.31579e-11,  2.64685e-12,  1.16222e-07,  2.17905e-08,
03:18:16,  11896274,  4.83743e-12,  3.74594e-11,  3.82894e-12,  1.18076e-07,  2.19342e-08,
03:18:34,  11914670,  5.67232e-12,  4.17843e-11, -2.56976e-12,  1.19695e-07,  2.04811e-08,
03:18:55,  11935168, -2.62743e-12,  1.89112e-11, -3.85464e-12,  1.26877e-07,  4.85647e-09,
03:19:13,  11953562,  2.33277e-12,  5.90379e-12,  2.59545e-12,  1.26483e-07,  1.54423e-09,
03:19:30,  11970277, -3.26588e-12,  2.27314e-12, -3.57197e-12,  1.24549e-07,  5.04432e-10,
03:19:51,  11991194,  3.41321e-12, -2.62042e-12, -3.26359e-12,  1.23641e-07,  2.61884e-11,
03:20:15,  12015171, -9.50289e-12,  7.07193e-12, -7.96627e-12,  1.23681e-07,  2.67630e-11,
03:20:39,  12039149, -1.74343e-12,  1.86271e-12, -1.79883e-13,  1.22931e-07,  1.50942e-11,
03:21:03,  12063126,  3.65877e-12, -1.46806e-12,  5.73057e-12,  1.22654e-07,  1.58898e-11,
03:21:25,  12085001, -3.46232e-12,  1.79956e-12, -2.13290e-12,  1.22418e-07,  9.28190e-12,
03:21:46,  12106878, -3.63421e-12,  8.36636e-13,  3.16080e-12,  1.22141e-07,  1.56909e-11,
03:22:12,  12132955,  4.02710e-12, -4.21478e-12, -6.39871e-12,  1.21155e-07,  1.09394e-11,
03:22:36,  12156931,  4.41999e-12, -2.44678e-12,  1.87592e-12,  1.21313e-07,  6.27639e-12,
03:23:00,  12180906,  1.76799e-12, -3.55178e-12,  4.44569e-12,  1.21036e-07,  7.09409e-12,
03:23:24,  12204883,  6.13888e-13,  1.54699e-12,  6.32162e-12,  1.21352e-07,  1.16908e-11,
03:23:46,  12226758,  1.25232e-12, -4.97249e-12, -2.56976e-14,  1.20524e-07,  4.11059e-12,
03:24:10,  12250735,  3.36410e-12, -2.58885e-12, -3.88034e-12,  1.20958e-07,  1.27737e-11,
03:24:34,  12274711, -5.79510e-12,  2.41521e-12,  1.20778e-12,  1.19774e-07,  7.71280e-12,
03:24:56,  12296585,  1.05588e-12,  5.36714e-13, -2.36417e-12,  1.20366e-07,  9.65760e-12,
03:25:18,  12318461,  5.64777e-12,  5.13035e-12, -1.77313e-12,  1.19497e-07,  8.81780e-12,
03:25:40,  12340336,  1.84166e-12,  1.64171e-12,  7.76069e-12,  1.20089e-07,  6.87309e-12,
03:26:02,  12362211, -9.15911e-12, -1.18392e-12,  5.03673e-12,  1.20721e-07,  3.42549e-12,
03:26:28,  12388287, -9.82211e-14, -1.07342e-12, -3.08371e-13,  1.20208e-07,  3.77909e-12,
03:26:48,  12408062, -3.43777e-13, -1.61014e-12,  1.28487e-13,  1.19497e-07,  5.14929e-12,
03:27:09,  12429697,  0.00000e+00, -5.20928e-13, -2.46697e-12,  1.19774e-07,  5.72389e-12,
03:27:35,  12455775,  3.36410e-12,  4.34106e-12,  1.36197e-12,  1.19813e-07,  1.06079e-12,
03:27:57,  12477651,  8.34888e-13, -1.79956e-12,  1.97871e-12,  1.19655e-07,  3.62439e-12,
03:28:23,  12503728,  3.92888e-13,  1.81535e-12, -6.93836e-13,  1.20011e-07,  2.69619e-12,
03:28:45,  12525603,  1.44877e-12, -9.47136e-13, -2.85243e-12,  1.19813e-07,  2.76249e-12,
03:29:07,  12547477,  1.01659e-11,  3.29921e-12,  1.47760e-12,  1.19734e-07, -3.16029e-12,
03:29:31,  12571452,  3.19221e-13,  3.47285e-12, -6.16743e-12,  1.18984e-07,  1.96689e-12,
03:29:51,  12591228, -2.45554e-12,  1.75221e-12, -7.45231e-13,  1.19931e-07, -1.30389e-12,
03:30:13,  12613102,  9.33110e-13,  6.47214e-13,  5.39650e-12,  1.19892e-07,  4.92829e-12,
03:30:37,  12637080,  9.57666e-13,  3.18871e-12, -2.05580e-13,  1.19537e-07,  2.14369e-12,
03:31:03,  12663157,  4.71466e-12, -4.10428e-12, -3.34069e-13,  1.19497e-07, -4.04429e-12,
03:31:25,  12685032, -5.03388e-12, -2.11528e-12,  7.52941e-12,  1.20366e-07, -1.43649e-12,
03:31:49,  12709009,  1.20321e-12,  6.72464e-12, -3.80324e-12,  1.19576e-07, -3.71279e-12,
03:32:15,  12735086,  2.99577e-12,  1.51542e-12,  1.36197e-12,  1.18708e-07,  3.53599e-12,
03:32:32,  12752760,  7.36666e-13,  2.24156e-12,  6.11603e-12,  1.19892e-07,  3.77909e-12,
03:32:56,  12776736,  2.55377e-12,  1.54699e-12,  3.52057e-12,  1.19616e-07, -8.57470e-12,
03:33:18,  12798611,  6.13888e-13, -4.89356e-13, -3.85464e-13,  1.18866e-07, -2.96139e-12,
03:33:38,  12818386, -2.72566e-12, -4.73571e-13, -2.92952e-12,  1.19379e-07,  4.35369e-12,
03:34:02,  12842362, -1.01659e-11,  3.52021e-12,  3.64906e-12,  1.19103e-07,  1.23759e-12,
03:34:26,  12866338,  3.60966e-12, -6.94564e-12, -5.73057e-12,  1.19537e-07, -2.09949e-12,
03:34:48,  12888212, -1.74343e-12, -4.73564e-14,  5.55069e-12,  1.19221e-07,  3.09399e-13,
03:35:12,  12912189,  1.59610e-12,  1.43649e-12,  1.49045e-12,  1.19419e-07,  2.78459e-12,
03:35:36,  12936165, -5.64777e-12, -3.15714e-14,  2.77534e-12,  1.19221e-07,  8.39799e-13,
03:35:55,  12955939,  3.13082e-12, -6.31421e-14,  2.82673e-13,  1.19853e-07,  1.96689e-12,
03:36:22,  12982016,  5.00932e-12, -3.01506e-12, -3.98313e-12,  1.20286e-07,  1.83429e-12,
03:36:41,  13001791,  2.92210e-12, -5.14614e-12,  8.96837e-12,  1.19576e-07,  4.08849e-12,
03:37:05,  13025768, -7.36656e-14, -1.91006e-12,  5.67917e-12,  1.19497e-07, -8.61899e-13,
03:37:29,  13049744,  5.72143e-12,  5.99856e-13, -9.25115e-13,  1.19853e-07, -1.85639e-12,
03:37:49,  13069519, -1.91532e-12, -1.73642e-13,  1.82452e-12,  1.19419e-07,  3.33709e-12,
03:38:13,  13093496, -1.49788e-12, -3.42549e-12,  5.52499e-12,  1.19853e-07, -2.54149e-12,
03:38:37,  13117472, -4.83743e-12, -1.59435e-12, -2.67255e-12,  1.19419e-07,  9.14930e-12,
03:38:59,  13139107,  2.99577e-12, -2.88878e-12,  1.10499e-12,  1.19379e-07, -2.12159e-12,
03:39:23,  13163082,  4.14988e-12, -3.99378e-12,  4.59987e-12,  1.19497e-07, -4.66309e-12,
03:39:44,  13184957, -7.12110e-12,  1.87849e-12,  1.46476e-12,  1.19300e-07,  2.71829e-12,
03:40:06,  13206833, -7.26843e-12,  6.31428e-13,  2.36417e-12,  1.19419e-07,  3.66859e-12,
03:40:32,  13232909, -8.59433e-12, -1.23128e-12,  1.31057e-12,  1.20011e-07,  5.65759e-12,
03:40:56,  13256886,  4.24810e-12, -8.52421e-13,  2.03010e-12,  1.19892e-07, -3.86749e-12,
03:41:22,  13282964,  9.33100e-12, -1.07342e-12,  2.13290e-12,  1.19853e-07, -2.27629e-12,
03:41:44,  13304840, -1.25232e-12,  2.08371e-12,  3.77755e-12,  1.19261e-07,  1.37019e-12,
03:42:04,  13324614, -7.02288e-12,  7.57707e-13, -3.59766e-13,  1.19419e-07,  3.31499e-12,
03:42:30,  13350690, -8.71711e-12, -1.10499e-13, -2.23569e-12,  1.19497e-07,  1.87849e-12,
03:42:54,  13374666,  4.46910e-12, -3.34656e-12,  5.13952e-12,  1.19339e-07,  6.01119e-12,
03:43:18,  13398642,  5.81966e-12, -3.83592e-12,  3.23790e-12,  1.19576e-07, -2.80669e-12,
03:43:42,  13422618,  1.15410e-12,  3.47285e-13,  3.54627e-12,  1.19774e-07,  8.30950e-12,
03:44:06,  13446594,  3.31499e-12, -3.15714e-12,  4.62557e-13,  1.19655e-07,  3.53599e-13,
03:44:26,  13466368,  3.36410e-12,  1.70485e-12,  3.59766e-12,  1.20089e-07,  8.37580e-12,
03:44:48,  13488002,  3.14310e-12, -1.68906e-12,  9.14826e-12,  1.19655e-07,  4.77359e-12,
03:45:11,  13511979,  7.12110e-13,  1.19971e-12, -1.36197e-12,  1.19142e-07,  6.85099e-12,
03:45:35,  13535956, -2.45554e-12, -1.04185e-12, -2.72394e-12,  1.19181e-07,  4.04429e-12,
03:45:57,  13557831,  4.93566e-12, -2.65199e-12,  3.54627e-12,  1.19458e-07,  1.98899e-12,
03:46:21,  13581808,  9.33110e-13,  2.20999e-13,  3.70045e-12,  1.20050e-07, -3.97799e-13,
03:46:43,  13603683,  3.97799e-12, -2.20999e-12, -4.57417e-12,  1.19853e-07, -1.48069e-12,
03:47:09,  13629758, -1.30143e-12,  5.05142e-13, -1.59324e-12,  1.19971e-07, -3.71279e-12,
03:47:31,  13651634,  3.26588e-12, -5.36714e-13, -2.59545e-12,  1.19537e-07, -1.23759e-12,
03:47:53,  13673509,  4.66554e-13, -2.27314e-12, -4.16301e-12,  1.19774e-07,  2.40889e-12,
03:48:13,  13693285,  1.17866e-12, -1.89428e-13, -1.77313e-12,  1.19537e-07,  3.97799e-12,
03:48:35,  13715159,  1.57154e-12, -1.18392e-12, -2.59545e-12,  1.20050e-07,  2.91719e-12,
03:48:54,  13734934, -1.62066e-12,  8.68207e-13,  6.03894e-12,  1.19734e-07,  3.22659e-12,
03:49:16,  13756811,  2.70110e-12,  2.35206e-12,  2.26138e-12,  1.20247e-07,  2.67409e-12,
03:49:40,  13780787, -6.33532e-12,  2.77828e-12,  4.11162e-13,  1.20169e-07,  5.14929e-12,
03:50:02,  13802663,  9.57666e-13, -1.81535e-12,  1.64464e-12,  1.20444e-07,  5.25979e-12,
03:50:22,  13822437,  7.90688e-12, -4.57785e-13,  1.33627e-12,  1.20444e-07, -3.80119e-12,
03:50:44,  13844313,  7.85777e-13,  6.70886e-12, -5.91045e-13,  1.19813e-07,  4.99459e-12,
03:51:10,  13870390, -4.56732e-12,  1.57856e-12,  4.21441e-12,  1.20326e-07, -1.96689e-12,
03:51:34,  13894366, -2.28366e-12, -1.02606e-12,  1.40308e-11,  1.20129e-07,  1.16360e-09,
03:51:58,  13918342,  3.11854e-12,  1.63034e-10,  2.39244e-11,  9.95679e-08,  1.16627e-08,
03:52:19,  13939258,  8.66800e-12,  2.39264e-10,  6.06464e-12,  1.25456e-07,  3.12714e-09,
03:52:39,  13959756, -1.37510e-12,  1.32568e-10,  3.31499e-12,  1.24351e-07,  3.25974e-09,
03:52:58,  13978151, -2.70110e-13,  4.29529e-11,  6.37301e-12,  1.23128e-07,  2.19259e-09,
03:53:16,  13996966, -2.03810e-12,  3.32446e-11,  8.76279e-12,  1.20444e-07,  6.69298e-09,
03:53:39,  14019982,  1.96443e-12,  8.03014e-11,  1.00221e-12,  1.23601e-07,  2.34536e-09,
03:54:00,  14040898, -2.75021e-12,  3.91485e-11, -5.78197e-12,  1.22379e-07,  1.16743e-09,
03:54:19,  14059714, -5.64777e-13,  2.01267e-11,  9.50813e-13,  1.21549e-07,  7.89245e-10,
03:54:40,  14080631, -3.92888e-13,  1.35125e-11, -5.21662e-12,  1.21471e-07,  6.04430e-11,
03:55:02,  14102508,  3.97799e-12,  7.48236e-12,  1.90162e-12,  1.22063e-07,  5.15150e-11,
03:55:24,  14124142,  2.77477e-12,  6.10900e-12, -5.39650e-13,  1.21274e-07,  4.51723e-11,
03:55:50,  14150219,  3.80610e-12,  1.34651e-11, -1.51615e-12,  1.20918e-07,  4.88188e-11,
03:56:12,  14172095,  2.03810e-12,  7.64021e-12, -9.50813e-13,  1.21352e-07,  4.91945e-11,
03:56:36,  14196071, -5.89332e-13,  6.12479e-12,  1.02148e-11,  1.20879e-07,  5.39460e-11,
03:56:57,  14217948, -1.54699e-12,  5.71436e-12,  2.51836e-12,  1.20721e-07,  4.24540e-11,
03:57:24,  14244023,  6.31077e-12,  7.79807e-12,  8.37743e-12,  1.21036e-07,  5.10730e-11,
03:57:50,  14270099, -4.66554e-13,  6.34579e-12, -1.41336e-12,  1.20918e-07,  4.71834e-11,
03:58:16,  14296176, -4.66554e-13,  9.96071e-12,  4.36859e-12,  1.20286e-07,  4.73602e-11,
03:58:38,  14318051, -3.19221e-12,  1.18234e-11, -1.25917e-12,  1.20681e-07,  4.37358e-11,
03:59:04,  14344127,  7.73499e-12,  9.26614e-12,  6.27022e-12,  1.21313e-07,  4.92166e-11,
03:59:28,  14368104,  5.57410e-12,  4.73571e-12, -3.46917e-12,  1.20366e-07,  4.41778e-11,
03:59:49,  14389979,  6.77732e-12,  2.65199e-12, -1.20778e-12,  1.20444e-07,  3.93158e-11,
04:00:13,  14413956,  1.42421e-12,  4.02535e-12, -8.22324e-12,  1.20247e-07,  4.44430e-11,
04:00:37,  14437931,  2.16088e-12,  6.77200e-12, -2.51836e-12,  1.19695e-07,  3.96915e-11,
04:01:01,  14461907, -9.82211e-14,  4.65678e-12, -3.21220e-12,  1.20247e-07,  3.41002e-11,
04:01:25,  14485883, -5.89332e-13,  5.33550e-12, -5.91045e-13,  1.20444e-07,  3.66859e-11,
04:01:45,  14505657, -5.89332e-13,  6.89829e-12, -4.88255e-13,  1.20760e-07,  3.61997e-11,
04:02:05,  14525432,  2.57832e-12,  2.47835e-12, -9.27674e-12,  1.20997e-07,  3.68185e-11,
04:02:27,  14547307,  7.12110e-12,  5.65121e-12, -1.54185e-13,  1.20760e-07,  3.57135e-11,
04:02:49,  14569183,  2.45554e-12,  9.26614e-12,  8.99417e-13,  1.20524e-07,  3.49179e-11,
04:03:11,  14591059,  7.85777e-13,  4.38842e-12, -2.05580e-12,  1.20011e-07,  3.87191e-11,
04:03:28,  14608733, -5.40221e-13,  4.12006e-12,  3.10941e-12,  1.21036e-07,  3.39455e-11,
04:03:48,  14628507,  6.26166e-12,  5.99856e-13,  4.31720e-12,  1.20681e-07,  3.83213e-11,
04:04:08,  14648283,  5.30399e-12,  7.10350e-13,  1.79883e-13,  1.20760e-07,  2.97907e-11,
04:04:28,  14668057,  2.62743e-12,  4.15164e-12,  1.02791e-12,  1.20563e-07,  3.37908e-11,
04:04:49,  14689933,  8.49611e-12,  4.45156e-12, -3.46917e-12,  1.20997e-07,  2.90393e-11,
04:05:13,  14713910,  2.99577e-12,  8.25586e-12,  5.39650e-13,  1.20839e-07,  2.66746e-11,
04:05:35,  14735786, -6.62999e-13,  4.19899e-12,  2.08150e-12,  1.21116e-07,  3.00338e-11,
04:05:59,  14759763,  2.23454e-12,  1.62592e-12, -1.72173e-12,  1.21391e-07,  3.10725e-11,
04:06:19,  14779537,  9.87122e-12,  6.18793e-12,  5.91045e-13,  1.20839e-07,  2.75586e-11,
04:06:43,  14803514,  2.94666e-13,  4.29371e-12, -7.19534e-13,  1.20760e-07,  3.16692e-11,
04:07:09,  14829591,  2.43099e-12, -1.10499e-12, -1.54185e-12,  1.20958e-07,  2.64757e-11,
04:07:31,  14851467,  1.57154e-12,  3.28342e-12,  4.88255e-12,  1.21194e-07,  2.87962e-11,
04:07:55,  14875444,  3.63421e-12,  4.27792e-12,  1.00221e-12,  1.21036e-07,  1.99562e-11,
04:08:17,  14897319,  1.24987e-11,  6.33000e-12,  1.38766e-12,  1.21155e-07,  2.84647e-11,
04:08:41,  14921296,  1.20321e-12,  4.10428e-13, -3.90603e-12,  1.20760e-07,  2.63873e-11,
04:09:03,  14943172, -1.71888e-12,  4.41999e-12, -3.59766e-12,  1.20129e-07,  1.83208e-11,
04:09:25,  14965047, -6.87554e-13,  6.36157e-12,  7.45231e-13,  1.20681e-07,  2.56580e-11,
04:09:46,  14986923,  9.82221e-13,  2.52571e-12, -7.96627e-13,  1.20484e-07,  1.80335e-11,
04:10:06,  15006696,  9.82221e-13,  1.10499e-12, -2.26138e-12,  1.21865e-07,  2.68072e-11,
04:10:30,  15030672,  2.25910e-12,  1.07342e-12,  9.58512e-12,  1.20760e-07,  2.39121e-11,
04:10:54,  15054647, -6.97377e-12,  1.21549e-12,  1.24376e-11,  1.20642e-07,  2.63431e-11,
04:11:20,  15080724,  3.83066e-12,  4.10428e-13, -1.23348e-12,  1.20050e-07,  2.20999e-11,
04:11:44,  15104700,  5.27943e-12, -2.52571e-13, -3.46917e-12,  1.20366e-07,  1.82324e-11,
04:12:04,  15124474, -3.16766e-12,  2.49414e-12, -1.13069e-12,  1.20879e-07,  1.85418e-11,
04:12:26,  15146350,  4.91110e-14, -1.38914e-12, -1.54185e-12,  1.21313e-07,  2.20115e-11,
04:12:48,  15168225, -2.25910e-12,  3.03085e-12, -4.62557e-12,  1.20524e-07,  2.17242e-11,
04:13:07,  15187999, -5.15666e-12,  1.56278e-12,  8.81419e-12,  1.20918e-07,  1.95805e-11,
04:13:29,  15209874, -5.89332e-13,  2.27314e-12, -2.85243e-12,  1.21076e-07,  2.14148e-11,
04:13:53,  15233850, -7.17021e-12,  2.95192e-12, -3.75185e-12,  1.20681e-07,  1.49837e-11,
04:14:19,  15259926,  8.34888e-13,  4.23056e-12, -3.08371e-12,  1.21155e-07,  1.30610e-11,
04:14:41,  15281801,  3.16766e-12,  2.14685e-12,  1.27202e-11,  1.20997e-07,  1.48732e-11,
04:15:05,  15305777,  4.10077e-12,  2.71514e-12,  1.28487e-12,  1.21155e-07,  1.99120e-11,
04:15:29,  15329753, -3.46232e-12,  4.05692e-12, -1.54185e-12,  1.21036e-07,  9.39240e-12,
04:15:53,  15353729,  1.23022e-11,  6.03007e-12,  2.08150e-12,  1.21116e-07,  2.04424e-11,
04:16:19,  15379808,  6.31077e-12,  7.89279e-13, -1.46476e-12,  1.20642e-07,  1.64202e-11,
04:16:41,  15401684, -3.68332e-13,  9.31350e-13,  3.05801e-12,  1.21036e-07,  1.00554e-11,
04:17:05,  15425661,  1.59610e-12, -2.28892e-12, -4.85685e-12,  1.21352e-07,  1.23980e-11,
04:17:27,  15447296, -9.82221e-13, -4.41999e-13, -1.54185e-12,  1.20366e-07,  1.08510e-11,
04:17:49,  15469171, -4.66554e-13, -1.57856e-13,  1.95301e-12,  1.20484e-07,  1.84755e-11,
04:18:11,  15491046,  4.41999e-12,  2.20999e-12, -1.31057e-12,  1.20129e-07,  1.52379e-10,
04:18:35,  15515022,  7.02288e-12,  1.51542e-11, -3.85464e-13,  1.20326e-07,  4.85978e-11,
04:18:54,  15534797, -7.46488e-12, -2.28892e-12, -5.34510e-12,  1.19971e-07,  1.08068e-11,
04:19:16,  15556432, -1.98899e-12,  4.34106e-12,  1.13069e-12,  1.20326e-07,  6.82889e-12,
04:19:40,  15580409,  7.56310e-12,  3.37814e-12,  1.05873e-11,  1.19734e-07,  1.28179e-11,
04:20:06,  15606486,  3.65877e-12, -1.18392e-12, -7.63220e-12,  1.20011e-07,  5.30399e-12,
04:20:28,  15628363,  6.62999e-12,  6.39314e-12, -3.16080e-12,  1.20208e-07,  6.71839e-12,
04:20:52,  15652338,  3.95343e-12, -4.73571e-13, -2.31278e-13,  1.20208e-07,  1.13151e-11,
04:21:14,  15674213,  1.89077e-12,  3.33078e-12, -3.26359e-12,  1.20366e-07,  6.49739e-12,
04:21:40,  15700290,  6.33532e-12,  2.84142e-12,  2.74964e-12,  1.19537e-07,  7.09409e-12,
04:22:04,  15724265, -1.74343e-12, -3.18871e-12,  7.42662e-12,  1.19774e-07,  1.27295e-11,
04:22:30,  15750343, -3.14310e-12, -1.12078e-12, -2.18429e-12,  1.20089e-07,  7.62440e-12,
04:22:56,  15776419,  8.10332e-13,  4.02535e-12, -4.13731e-12,  1.20050e-07,  1.44975e-11,
04:23:18,  15798295,  9.30644e-12, -1.54699e-12,  8.37743e-12,  1.20208e-07,  1.69948e-11,
04:23:42,  15822271, -3.38866e-12,  6.47214e-13,  2.18429e-12,  1.19931e-07,  2.13706e-11,
04:24:02,  15842046, -8.34888e-13, -2.52571e-13, -5.08813e-12,  1.20011e-07,  2.47519e-12,
04:24:23,  15863922,  2.84843e-12,  2.47835e-12, -5.03673e-12,  1.19458e-07,  6.80679e-12,
04:24:47,  15887899,  1.39966e-12,  2.44678e-12, -5.39650e-12,  1.20129e-07, -6.62990e-14,
04:25:09,  15909535, -1.10499e-12,  1.54699e-12,  8.73720e-13,  1.19497e-07,  3.58019e-12,
04:25:33,  15933511, -1.22777e-13, -5.68285e-13, -1.54185e-13,  1.20405e-07, -3.58019e-12,
04:25:55,  15955386, -2.35732e-12, -1.81535e-12,  2.82673e-13,  1.19734e-07, -1.06079e-12,
04:26:15,  15975161, -5.30399e-12,  3.20449e-12,  4.31720e-12,  1.20444e-07,  5.85649e-12,
04:26:41,  16001237,  1.32599e-12, -1.18392e-12, -2.13290e-12,  1.20405e-07,  3.31499e-13,
04:27:01,  16021013, -1.96443e-12,  1.10499e-12,  2.33848e-12,  1.20050e-07,  5.30399e-13,
04:27:22,  16042888, -3.33954e-12, -9.47136e-14,  2.08150e-12,  1.20089e-07,  2.36469e-12,
04:27:48,  16068965,  2.45554e-12, -9.15564e-13,  1.00221e-12,  1.20721e-07,  1.81219e-12,
04:28:12,  16092940, -2.35732e-12, -4.57785e-13,  5.13952e-13,  1.20050e-07, -3.93379e-12,
04:28:39,  16119016, -7.24388e-13, -2.05214e-12, -3.77755e-12,  1.21116e-07, -3.22659e-12,
04:28:56,  16136690, -2.75021e-12,  2.02056e-12,  1.92731e-12,  1.20721e-07,  2.62989e-12,
04:29:18,  16158565, -2.25910e-12,  1.38914e-12, -1.64464e-12,  1.20563e-07, -6.18799e-13,
04:29:40,  16180440, -3.21677e-12, -3.28342e-12,  2.38987e-12,  1.20326e-07,  2.40889e-12,
04:30:00,  16200214,  9.06089e-12,  2.32049e-12, -7.32383e-12,  1.20721e-07,  2.51939e-12,
04:30:22,  16222090,  6.72821e-12,  1.89428e-12, -3.95743e-12,  1.21234e-07,  1.56909e-12,
04:30:46,  16246066, -3.14310e-12,  3.94642e-13,  1.67034e-12,  1.20879e-07, -1.67959e-12,
04:31:12,  16272142, -4.66554e-12, -1.59435e-12,  8.22324e-12,  1.20760e-07, -1.54699e-13,
04:31:31,  16291917, -2.52921e-12,  4.30949e-12,  2.62115e-12,  1.20642e-07,  1.34809e-12,
04:31:57,  16317995, -1.25232e-12, -2.96771e-12,  4.88255e-13,  1.20524e-07,  4.22109e-12,
04:32:21,  16341971, -5.40221e-12, -1.98899e-12, -4.62557e-13,  1.21155e-07,  6.09959e-12,
04:32:43,  16363847,  1.12709e-11,  2.63621e-12,  1.41336e-12,  1.21155e-07, -6.29849e-12,
04:33:07,  16387823, -1.08043e-12,  4.57785e-13,  3.16080e-12,  1.20681e-07,  3.16029e-12,
04:33:29,  16409457, -7.36666e-13,  1.97321e-12,  1.20778e-12,  1.21313e-07, -4.72939e-12,
04:33:51,  16431332, -7.12110e-13, -1.76799e-12, -2.85243e-12,  1.21076e-07, -4.08849e-12,
04:34:13,  16453208, -6.87554e-13,  2.43099e-12, -2.46697e-12,  1.20997e-07,  5.17139e-12,
04:34:35,  16475083, -3.19221e-12, -3.50442e-12, -1.90162e-12,  1.21589e-07,  4.41999e-12,
04:35:01,  16501160,  3.78154e-12, -1.31021e-12,  4.52278e-12,  1.21471e-07, -5.10509e-12,
04:35:20,  16520935,  3.06943e-12, -2.96771e-12, -5.39650e-13,  1.21944e-07,  1.63539e-12,
04:35:42,  16542809, -1.22777e-12,  2.11528e-12,  4.39429e-12,  1.21116e-07,  1.63539e-12,
04:36:08,  16568885, -1.62066e-12, -8.05064e-13, -2.05580e-13,  1.21707e-07, -1.34809e-12,
04:36:32,  16592861, -2.52921e-12,  2.84142e-12,  3.85464e-13,  1.22102e-07,  4.41999e-14,
04:36:56,  16616837, -2.79932e-12, -4.89356e-13, -1.36197e-12,  1.21471e-07,  3.04979e-12,
04:37:14,  16634511,  8.42244e-12,  1.38914e-12,  7.70929e-13,  1.22418e-07,  9.72390e-13,
04:37:34,  16654286,  4.93566e-12, -2.20999e-13,  1.38766e-12,  1.20879e-07,  3.20449e-12,
04:37:56,  16676162, -1.27688e-12, -4.10428e-13,  9.76510e-13,  1.21234e-07,  8.33160e-12,
04:38:22,  16702239, -6.87554e-13,  9.94493e-13,  2.18429e-12,  1.21905e-07, -1.28179e-12,
04:38:46,  16726214,  7.61221e-13,  4.68835e-12,  5.88476e-12,  1.20524e-07, -4.86199e-13,
04:39:10,  16750191, -2.87299e-12,  1.83114e-12, -9.48233e-12,  1.20918e-07,  1.79009e-12,
04:39:36,  16776269, -1.30143e-12, -2.52571e-12,  7.96627e-13,  1.21076e-07,  2.29839e-12,
04:40:00,  16800246,  7.51399e-12,  3.97799e-12, -2.77534e-12,  1.21549e-07, -1.14919e-12,
04:40:24,  16824224,  2.45554e-14,  3.29921e-12, -8.78849e-12,  1.21707e-07, -6.82889e-12,
04:40:48,  16848200,  7.36666e-13,  9.31350e-13, -1.29772e-11,  1.21549e-07,  4.77359e-12,
04:41:12,  16872176,  2.99577e-12, -2.68356e-12,  1.87592e-12,  1.21668e-07,  5.74599e-13,
04:41:29,  16889848,  4.37088e-12,  4.24635e-12, -1.74743e-12,  1.21589e-07,  4.15479e-12,
04:41:53,  16913826,  3.48688e-12, -1.49964e-12, -1.43906e-12,  1.22023e-07,  5.23769e-12,
04:42:15,  16935702,  2.97121e-12, -3.50442e-12, -2.69824e-12,  1.21155e-07,  6.65209e-12,
04:42:37,  16957576,  5.64777e-13, -3.56756e-12,  3.31499e-12,  1.21352e-07,  3.49179e-12,
04:43:01,  16981554,  1.22777e-13, -1.57856e-12, -2.67255e-12,  1.21411e-07,  1.65749e-12,
04:43:25,  17005532,  4.66554e-12,  2.09949e-12,  1.61894e-12,  1.21076e-07, -3.53599e-12,
04:43:49,  17029508,  2.03810e-12, -2.49414e-12,  2.72394e-12,  1.21234e-07,  6.14379e-12,
04:44:13,  17053484,  2.20999e-12, -7.57707e-13, -1.67034e-12,  1.20642e-07,  2.20999e-12,
04:44:35,  17075120,  1.81710e-12,  6.31421e-12, -5.31941e-12,  1.21510e-07, -5.54709e-12,
04:44:59,  17099096, -1.30143e-12,  8.41371e-12,  3.72615e-12,  1.21431e-07,  2.78459e-12,
04:45:22,  17122832, -1.39966e-12, -4.00956e-12,  6.47580e-12,  1.21076e-07,  8.39799e-13,
04:45:48,  17148908,  2.82388e-12, -6.62993e-12, -6.70708e-12,  1.20958e-07, -1.54699e-13,
04:46:14,  17174986,  3.19221e-13, -8.52421e-13, -2.54406e-12,  1.20444e-07, -2.45309e-12,
04:46:41,  17201064,  4.91110e-13, -3.78856e-13, -5.13952e-14,  1.22023e-07, -5.39239e-12,
04:47:02,  17222940, -9.08554e-13,  1.38914e-12,  1.28487e-13,  1.21076e-07,  3.24869e-12,
04:47:22,  17242716,  2.79932e-12, -9.29771e-12, -2.62115e-12,  1.21352e-07,  1.98899e-13,
04:47:44,  17264592, -1.17866e-12,  7.89279e-14,  1.31057e-12,  1.20958e-07,  3.58019e-12,
04:48:08,  17288568, -1.96443e-13,  1.08921e-12, -5.39650e-13,  1.19734e-07,  8.79570e-12,
04:48:32,  17312546,  3.68332e-13, -1.23128e-12,  1.64464e-12,  1.20642e-07,  3.53599e-13,
04:48:52,  17332320,  3.14310e-12, -7.41921e-13, -5.13952e-13,  1.20286e-07, -2.43099e-13,
04:49:12,  17352096,  2.35732e-12,  9.94493e-13,  1.79883e-12,  1.20879e-07,  2.51939e-12,
04:49:38,  17378172, -6.13888e-13,  2.50992e-12, -2.20999e-12,  1.20208e-07, -1.25969e-12,
04:50:04,  17404248, -2.33277e-12,  3.50442e-12,  4.24010e-12,  1.20366e-07, -7.51399e-13,
04:50:28,  17428224, -2.67654e-12, -1.10499e-12,  5.88476e-12,  1.20169e-07, -3.09399e-13,
04:50:52,  17452200, -4.81288e-12,  2.65199e-12,  7.37522e-12,  1.20563e-07,  5.06089e-12,
04:51:16,  17476176,  3.43777e-12,  4.98828e-12, -1.38766e-12,  1.20681e-07,  7.73499e-13,
04:51:40,  17500152, -4.41999e-13, -1.26285e-13,  3.54627e-12,  1.20129e-07,  6.58579e-12,
04:52:02,  17522028,  8.27511e-12, -2.73092e-12,  4.70266e-12,  1.20879e-07,  5.54709e-12,
04:52:28,  17548104,  4.00254e-12,  1.07342e-12, -2.56976e-14,  1.20563e-07, -1.67959e-12,
04:52:49,  17569980,  7.98054e-12,  4.64099e-12, -6.68138e-13,  1.20524e-07,  7.69070e-12,
04:53:13,  17593956,  7.36656e-14, -1.61014e-12, -2.03010e-12,  1.21234e-07,  4.64099e-12,
04:53:35,  17615832, -2.13632e-12, -3.47285e-13,  1.69603e-12,  1.20444e-07,  4.99459e-12,
04:54:01,  17641908, -2.18543e-12, -2.92035e-12,  5.83336e-12,  1.21116e-07,  1.56909e-12,
04:54:25,  17665884,  4.96021e-12, -3.03085e-12,  3.57197e-12,  1.21471e-07, -1.76799e-13,
04:54:47,  17687760, -1.96443e-12, -5.52499e-13,  6.55290e-12,  1.21076e-07,  1.59119e-12,
04:55:13,  17713836,  1.15410e-11, -2.60464e-12, -9.84209e-12,  1.21274e-07,  4.75149e-12,
04:55:39,  17739916,  4.02710e-12, -2.35206e-12,  3.59766e-12,  1.21036e-07,  5.21559e-12,
04:56:03,  17763892,  1.37510e-12,  3.97799e-12, -1.90162e-12,  1.21234e-07,  1.12709e-12,
04:56:23,  17783666,  5.27943e-12,  4.54628e-12,  2.56976e-13,  1.20366e-07,  6.32059e-12,
04:56:43,  17803440,  1.04360e-11, -3.20449e-12,  1.29901e-11,  1.21313e-07,  5.08299e-13,
04:57:07,  17827416,  4.17443e-13,  5.43021e-12,  9.86779e-12,  1.20642e-07, -2.23209e-12,
04:57:29,  17849292, -5.40221e-13, -2.54149e-12,  3.85464e-13,  1.21589e-07,  1.72379e-12,
04:57:51,  17871168, -5.64777e-12, -3.50442e-12, -4.26580e-12,  1.20681e-07,  5.34819e-12,
04:58:15,  17895144,  4.39543e-12,  3.28342e-12,  9.50813e-13,  1.21274e-07,  2.47519e-12,
04:58:39,  17919120,  3.19221e-13,  1.49964e-12,  1.51615e-12,  1.21589e-07,  4.68519e-12,
04:59:03,  17943096, -7.63677e-12, -2.35206e-12,  6.57859e-12,  1.21036e-07,  1.87849e-12,
04:59:27,  17967074,  6.01610e-12,  4.73564e-14,  3.16080e-12,  1.21234e-07,  1.25969e-12,
04:59:48,  17988948,  2.75021e-12,  3.33078e-12,  8.68570e-12,  1.21274e-07,  9.06099e-13,
05:00:10,  18010824,  5.00932e-12,  8.68207e-13,  2.98092e-12,  1.21707e-07, -4.86199e-12,
05:00:34,  18034560, -1.22777e-13,  2.68356e-12,  2.33848e-12,  1.21352e-07, -3.24869e-12,
05:01:00,  18060638, -2.84843e-12,  7.73493e-13,  7.91487e-12,  1.21076e-07,  1.41439e-12,
05:01:26,  18086716, -4.44454e-12, -8.99779e-13,  7.22103e-12,  1.21549e-07,  4.19899e-13,
05:01:50,  18110692,  8.59443e-13,  2.50992e-12, -4.34290e-12,  1.21313e-07,  2.03319e-12,
05:02:14,  18134668, -8.15233e-12,  1.12078e-12, -2.98092e-12,  1.21629e-07,  8.33160e-12,
05:02:36,  18156542,  3.43777e-12,  3.70964e-12, -3.72615e-12,  1.21707e-07, -6.21009e-12,
05:03:00,  18180518, -7.12110e-13,  5.11456e-12, -3.93173e-12,  1.21116e-07, -8.83999e-13,
05:03:26,  18206596,  3.43777e-13,  2.73092e-12,  5.42220e-12,  1.21352e-07,  6.91729e-12,
05:03:50,  18230572,  4.39543e-12, -1.26285e-12, -2.31278e-13,  1.20642e-07,  3.62660e-11,
05:04:14,  18254548, -9.82211e-14,  2.71514e-12,  2.00441e-12,  1.21352e-07,  1.48556e-10,
05:04:34,  18274322, -5.64777e-12,  9.69236e-12,  7.09255e-12,  1.19458e-07,  4.82243e-10,
05:04:58,  18298300,  1.00678e-12,  3.39866e-11,  8.09476e-12,  1.18787e-07,  1.16290e-09,
05:05:22,  18322276,  6.62999e-13,  9.07514e-11,  3.39208e-12,  1.17406e-07,  1.00670e-08,
05:05:41,  18341090,  5.74599e-12,  1.78331e-10, -1.43906e-12,  1.18116e-07,  1.09118e-08,
05:06:02,  18362004,  6.35988e-12,  2.59154e-10,  1.25917e-12,  1.19261e-07,  1.67683e-08,
05:06:18,  18378300,  1.54699e-12,  3.36346e-10, -4.65127e-12,  1.20484e-07,  1.74037e-08,
05:06:36,  18396696, -1.22777e-13,  3.85076e-10,  9.32814e-12,  1.20366e-07,  1.79009e-08,
05:06:55,  18415088, -1.35054e-12,  4.06986e-10,  2.69824e-12,  1.21155e-07,  1.81993e-08,
05:07:13,  18433484, -4.91110e-14,  4.20010e-10,  4.90824e-12,  1.21668e-07,  1.83264e-08,
05:07:29,  18449780, -2.70110e-13,  4.40342e-10,  7.06685e-12,  1.21905e-07,  1.84590e-08,
05:07:48,  18468176,  2.20999e-13,  4.64904e-10,  1.13326e-11,  1.22379e-07,  1.87242e-08,
05:08:06,  18486572,  2.40643e-12,  4.77233e-10,  1.18208e-12,  1.22457e-07,  1.88512e-08,
05:08:22,  18502864, -5.89332e-13,  5.06121e-10,  3.85464e-13,  1.23562e-07,  1.89065e-08,
05:08:39,  18519160,  2.06266e-12,  5.21449e-10, -1.25917e-12,  1.23484e-07,  1.88678e-08,
05:08:55,  18535456, -1.76799e-12,  5.04164e-10, -1.64464e-12,  1.23484e-07,  1.90170e-08,
05:09:13,  18553852,  3.14310e-12,  4.79601e-10,  2.23569e-12,  1.23878e-07,  1.88623e-08,
05:09:32,  18572248, -2.52921e-12,  5.13304e-10,  1.59324e-12,  1.23601e-07,  1.89673e-08,
05:09:48,  18588544, -1.42421e-12,  5.37456e-10,  3.00662e-12,  1.24075e-07,  1.90115e-08,
05:10:02,  18602736, -9.82221e-13,  4.89719e-10,  1.00221e-12,  1.24154e-07,  1.90888e-08,
05:10:19,  18619032,  4.32177e-12,  5.23722e-10,  1.59324e-12,  1.24312e-07,  1.91330e-08,
05:10:39,  18639528,  3.06943e-12,  5.26059e-10, -2.26138e-12,  1.24194e-07,  1.92822e-08,
05:11:00,  18660024,  3.68332e-12,  5.01069e-10, -7.88917e-12,  1.24589e-07,  1.91938e-08,
05:11:18,  18678420,  5.50043e-12,  4.83894e-10,  2.03010e-12,  1.24746e-07,  1.91054e-08,
05:11:34,  18694716,  7.09654e-12,  4.73176e-10, -1.28487e-13,  1.24549e-07,  1.91385e-08,
05:11:53,  18713110,  1.57154e-12,  4.92387e-10, -1.46476e-12,  1.24312e-07,  1.91275e-08,
05:12:11,  18731504,  3.60966e-12,  5.11725e-10,  9.76510e-13,  1.24706e-07,  1.92767e-08,
05:12:25,  18745700,  8.10322e-12,  5.07068e-10, -2.26138e-12,  1.24667e-07,  1.92932e-08,
05:12:44,  18764094,  4.44454e-12,  4.89530e-10, -2.31278e-12,  1.25378e-07,  1.92767e-08,
05:13:04,  18784592,  2.06266e-12,  5.10651e-10, -1.56755e-12,  1.24786e-07,  1.92214e-08,
05:13:22,  18802988, -9.33110e-13,  4.99854e-10, -5.52499e-13,  1.25456e-07,  1.93927e-08,
05:13:41,  18821384,  8.88900e-12,  5.06547e-10,  6.42441e-13,  1.25614e-07,  1.94258e-08,
05:13:57,  18837678,  3.65877e-12,  5.04100e-10, -4.59987e-12,  1.25614e-07,  1.94590e-08,
05:14:16,  18856072,  5.62321e-12,  5.34835e-10,  3.03231e-12,  1.25811e-07,  1.94258e-08,
05:14:32,  18872368,  3.33954e-12,  5.33983e-10, -1.36197e-12,  1.25496e-07,  1.94700e-08,
05:14:50,  18890764,  2.28366e-12,  5.62855e-10, -2.26138e-12,  1.25694e-07,  1.93651e-08,
05:15:09,  18909158,  2.45554e-13,  5.36887e-10,  9.25115e-13,  1.25456e-07,  1.94258e-08,
05:15:27,  18927552,  4.05166e-12,  5.23927e-10,  2.13290e-12,  1.26088e-07,  1.94535e-08,
05:15:48,  18948048,  6.94921e-12,  5.32294e-10,  5.75627e-12,  1.26009e-07,  1.95142e-08,
05:16:04,  18964340,  2.45554e-13,  5.26406e-10,  4.49708e-12,  1.26088e-07,  1.94037e-08,
05:16:20,  18980396,  5.27943e-12,  5.19349e-10,  1.07158e-11,  1.26246e-07,  1.94700e-08,
05:16:38,  18998792,  8.34878e-12,  5.54930e-10, -9.35384e-12,  1.25891e-07,  1.95750e-08,
05:16:57,  19017188,  0.00000e+00,  5.69784e-10,  7.37522e-12,  1.25575e-07,  1.95308e-08,
05:17:15,  19035584,  2.18543e-12,  5.26074e-10,  6.27022e-12,  1.26049e-07,  1.94866e-08,
05:17:31,  19051880,  5.72143e-12,  5.04116e-10, -1.10499e-12,  1.26246e-07,  1.95971e-08,
05:17:52,  19072376, -4.39543e-12,  5.14503e-10,  5.44790e-12,  1.26483e-07,  1.95474e-08,
05:18:10,  19090770,  1.91532e-12,  5.17250e-10,  8.19755e-12,  1.26364e-07,  1.96468e-08,
05:18:27,  19107064,  4.66554e-13,  5.08221e-10,  1.72173e-12,  1.26956e-07,  1.95419e-08,
05:18:43,  19123358,  4.71466e-12,  5.11694e-10,  1.08186e-11,  1.26206e-07,  1.95750e-08,
05:18:59,  19139652,  2.45554e-13,  4.89167e-10,  3.44348e-12,  1.26916e-07,  1.96303e-08,
05:19:15,  19155948,  5.25488e-12,  4.85884e-10,  5.31941e-12,  1.26641e-07,  1.96026e-08,
05:19:32,  19172244,  2.84843e-12,  5.05505e-10,  3.31499e-12,  1.26799e-07,  1.95805e-08,
05:19:50,  19190400,  5.50043e-12,  5.30273e-10,  5.49929e-12,  1.26838e-07,  1.96524e-08,
05:20:10,  19210896, -2.50466e-12,  5.54141e-10, -4.59987e-12,  1.27232e-07,  1.95474e-08,
05:20:27,  19227190,  2.67654e-12,  5.29799e-10,  8.81419e-12,  1.26916e-07,  1.96192e-08,
05:20:45,  19245584, -6.13888e-13,  4.88551e-10,  4.72836e-12,  1.27469e-07,  1.96579e-08,
05:21:03,  19263980,  6.43354e-12,  4.78196e-10,  2.74964e-12,  1.27430e-07,  1.96579e-08,
05:21:20,  19280276, -1.10499e-12,  5.11851e-10, -5.13952e-12,  1.27035e-07,  1.97021e-08,
05:21:40,  19300772, -9.57666e-13,  5.18986e-10,  5.57638e-12,  1.26483e-07,  1.95805e-08,
05:21:59,  19319168,  4.17443e-13,  5.45743e-10, -3.59766e-13,  1.27588e-07,  1.96413e-08,
05:22:13,  19333360, -1.08043e-12,  5.18276e-10,  1.79883e-12,  1.27311e-07,  1.97352e-08,
05:22:29,  19349656,  4.17443e-12,  5.31110e-10,  4.36859e-12,  1.27351e-07,  1.98236e-08,
05:22:45,  19365952,  8.42244e-12,  5.50463e-10,  6.57859e-12,  1.26641e-07,  1.97794e-08,
05:23:06,  19386448,  7.26843e-12,  5.51836e-10, -9.76510e-13,  1.27588e-07,  1.95640e-08,
05:23:24,  19404604,  2.65199e-12,  5.05600e-10,  4.26580e-12,  1.27588e-07,  1.97352e-08,
05:23:40,  19420898,  9.33110e-13,  5.10904e-10, -2.59545e-12,  1.28693e-07,  1.82822e-08,
05:23:59,  19439292,  6.70366e-12,  8.86521e-11,  4.39429e-12,  1.32797e-07,  1.93927e-09,
05:24:17,  19457688, -8.61889e-12,  7.97650e-11, -1.85022e-12,  1.30547e-07,  1.82186e-09,
05:24:38,  19478604,  5.27943e-12,  2.47361e-11, -6.78417e-12,  1.29482e-07,  2.96139e-10,
05:25:01,  19501620,  1.42912e-11, -1.13656e-12, -1.67034e-12,  1.28219e-07,  1.32378e-11,
05:25:25,  19525596,  5.74599e-12,  4.05692e-12,  2.15859e-12,  1.27785e-07,  1.05858e-11,
05:25:45,  19545372,  2.03810e-12,  6.07743e-12,  2.54406e-12,  1.27430e-07,  6.18799e-12,
05:26:11,  19571448, -3.48688e-12,  4.12006e-12, -3.82894e-12,  1.26680e-07,  1.25969e-11,
05:26:35,  19595422,  2.43099e-12, -2.63621e-12, -3.95743e-12,  1.26601e-07, -1.76799e-13,
05:26:57,  19617300,  4.14988e-12,  4.15164e-12, -9.76510e-13,  1.26483e-07,  6.96149e-12,
05:27:19,  19639176,  4.88654e-12,  1.75221e-12, -2.18429e-12,  1.26601e-07,  3.69069e-12,
05:27:38,  19658948, -3.51143e-12,  5.05142e-13, -3.31499e-12,  1.26443e-07,  7.13829e-12,
05:28:00,  19680824, -1.12954e-12,  5.47757e-12,  1.36197e-12,  1.26404e-07,  6.29849e-12,
05:28:24,  19704800, -3.85521e-12,  3.40971e-12,  3.52057e-12,  1.26049e-07,  7.00569e-12,
05:28:46,  19726436,  1.37510e-12, -1.13656e-12,  1.64464e-12,  1.26167e-07,  3.84539e-12,
05:29:06,  19746212, -1.57154e-12,  1.16814e-12,  4.88255e-13,  1.26443e-07,  2.51939e-12,
