0000000380,scans,0000000106,DataLength
"header",0000000025,"lines"
"Date",02/05/2023,"Time",13:31:39
"ID","HAL V RC RGA 201 #12461","Version",3
"Scans",6
"Scan ID","Mode","Input","Scanned","Start","Stop","Increment","Dwell","Settle","RS","RelSEM"
"Scan 1","RGA","Faraday","mass",4.00,4.00,0.01,100.000%,100.000%,1.000000,1.000000,
"Scan 2","RGA","Faraday","mass",18.00,18.00,0.01,100.000%,100.000%,1.000000,1.000000,
"Scan 3","RGA","Faraday","mass",28.00,28.00,0.01,100.000%,100.000%,1.000000,1.000000,
"Scan 4","RGA","Faraday","mass",32.00,32.00,0.01,100.000%,100.000%,1.000000,1.000000,
"Scan 5","RGA","SEM","mass",44.00,44.00,0.01,100.000%,100.000%,1.000000,1.000000,
"Scan 6","RGA","Faraday","none",0.40,0.40,0.01,3000.000,100.000%,1.000000,1.000000,
"Environment",
"Global","RGA"
"F1",1,"( 1 = on, 0 = off )"
"F2",0,"( 1 = on, 0 = off )"
"cage",3.0,"V"
"delta-m",0,"%"
"electron-energy",70.0,"V"
"emission",250,"uA"
"focus",-90,"V"
"mass",5.50,"amu"
"mode-change-delay",1000,"ms"
"multiplier",927,"V"
"resolution",0,"%"
"Data",6
"Time","ms","Scan 1 : He 4.00","Scan 2 : water 18.00","Scan 3 : Nitrogen 28.00","Scan 4 : Oxygen 32.00","Scan 5 : CO2 44.00","Scan 6 : none 0.40",
00:00:01,      1002,  1.07184e-06,  6.62990e-08,  2.20999e-08,  0.00000e+00,  4.08850e-09, -8.83999e-10,
00:00:11,     11277,  1.00554e-06,  6.18790e-08,  3.31499e-09, -1.10499e-09,  4.46420e-09, -4.08849e-10,
00:00:21,     21635,  9.51404e-07,  5.29294e-08,  7.07199e-09, -5.08299e-09,  4.65647e-09,  2.32049e-11,
00:00:31,     31990,  8.92839e-07,  4.78796e-08,  5.21007e-09,  1.11052e-09,  4.66421e-09,  4.64099e-12,
00:01:04,     64354,  7.35156e-07,  3.57633e-08,  4.17192e-09,  8.00295e-10,  3.61335e-09,  5.73494e-12,
00:01:44,    104632,  6.01893e-07,  2.65807e-08,  3.38544e-09,  1.84866e-10,  2.66084e-09,  3.58019e-12,
00:02:30,    150971,  4.30286e-07,  2.13154e-08,  1.16071e-08,  4.37557e-10,  8.68420e-09,  2.50834e-13,
00:03:17,    197309,  3.68406e-07,  1.80501e-08,  1.11676e-07,  2.67012e-10,  8.49410e-09, -1.02101e-12,
00:04:01,    241128,  3.35477e-07,  1.56467e-08,  1.42986e-07,  7.39576e-10,  5.50622e-09,  2.75586e-12,
00:04:47,    287833,  2.94261e-07,  1.33925e-08,  1.31384e-07,  7.95555e-10,  4.40453e-09, -1.53373e-12,
00:05:34,    334515,  2.72603e-07,  1.16301e-08,  1.26853e-07,  7.77587e-10,  3.72496e-09,  1.42876e-12,
00:06:16,    376194,  2.51497e-07,  1.03206e-08,  1.19892e-07,  7.60128e-10,  3.27853e-09, -1.03869e-13,
00:07:02,    422846,  2.37574e-07,  9.19350e-09,  1.16024e-07,  7.79709e-10,  2.97245e-09,  7.62330e-12,
00:07:44,    464256,  2.65973e-07,  8.03880e-09,  2.08844e-08,  1.60291e-10,  1.32710e-09, -1.08289e-12,
00:08:30,    510908,  2.53818e-07,  6.48275e-09,  8.18250e-09,  8.86870e-11,  9.30411e-10,  3.38571e-12,
00:09:10,    550171,  2.23983e-07,  6.02887e-09,  6.03025e-09,  8.42670e-11,  8.07756e-10, -5.45317e-12,
00:09:56,    596929,  2.12601e-07,  5.38852e-09,  5.06089e-09,  7.86310e-11,  6.89631e-10,  1.09505e-12,
00:10:45,    645816,  2.06413e-07,  4.98106e-09,  4.42717e-09,  7.15370e-11,  6.03220e-10, -8.26539e-13,
00:11:34,    694703,  1.94700e-07,  4.54265e-09,  3.97827e-09,  6.22990e-11,  5.82004e-10, -2.91167e-12,
00:12:22,    742483,  1.92822e-07,  4.16142e-09,  3.69760e-09,  5.76588e-11,  5.53053e-10, -2.15474e-12,
00:13:11,    791368,  1.85529e-07,  3.85036e-09,  3.46804e-09,  4.84652e-11,  4.94156e-10, -1.97684e-12,
00:14:00,    840228,  1.83982e-07,  3.56113e-09,  1.43456e-09,  4.01114e-11,  4.38022e-10,  1.19671e-12,
00:14:49,    889088,  1.71164e-07,  3.28654e-09,  1.30168e-09,  2.34259e-11,  4.12055e-10, -1.87739e-12,
00:15:37,    937975,  1.70722e-07,  3.08819e-09,  1.16687e-09,  3.49179e-11,  3.90618e-10, -1.30831e-12,
00:16:21,    981807,  1.62545e-07,  2.90172e-09,  1.14560e-09,  4.02219e-11,  3.50727e-10,  2.20115e-12,
00:17:10,   1030695,  1.65639e-07,  2.72078e-09,  1.18511e-09,  3.48737e-11,  3.55921e-10, -1.12046e-12,
00:17:54,   1074554,  1.67407e-07,  2.58818e-09,  1.12267e-09,  4.82000e-11,  3.40340e-10,  3.77136e-12,
00:18:38,   1118415,  1.56136e-07,  2.41193e-09,  1.07019e-09,  3.04979e-11,  3.20450e-10, -5.69074e-13,
00:19:25,   1165200,  1.58346e-07,  2.25502e-09,  1.11853e-09,  4.53491e-11,  2.75918e-10, -2.86857e-12,
00:20:11,   1211986,  1.50169e-07,  2.20640e-09,  1.10306e-09,  2.52823e-11,  2.70614e-10,  9.28190e-13,
00:20:55,   1255871,  1.55583e-07,  2.11054e-09,  1.05140e-09,  3.81224e-11,  2.71498e-10,  1.98457e-12,
00:21:37,   1297655,  1.51495e-07,  2.00612e-09,  1.09229e-09,  3.61997e-11,  2.58680e-10, -4.67414e-13,
00:22:21,   1341542,  1.52268e-07,  2.00446e-09,  1.01411e-09,  3.95368e-11,  2.41111e-10,  4.34927e-12,
00:23:10,   1390403,  1.51053e-07,  1.83402e-09,  9.94220e-10,  2.36690e-11,  2.25751e-10,  2.15253e-12,
00:23:59,   1439291,  1.48401e-07,  1.74700e-09,  1.01438e-09,  4.01114e-11,  2.10392e-10, -1.55252e-12,
00:24:48,   1488178,  1.44644e-07,  1.68954e-09,  9.88970e-10,  3.57135e-11,  2.17906e-10, -2.02435e-12,
00:25:37,   1537065,  1.46854e-07,  1.67324e-09,  1.06190e-09,  3.47411e-11,  2.15475e-10, -2.72603e-12,
00:26:25,   1585927,  1.49285e-07,  1.62794e-09,  9.88420e-10,  3.60892e-11,  1.94811e-10, -1.41660e-12,
00:27:13,   1633708,  1.46964e-07,  1.48014e-09,  1.03952e-09,  1.06079e-11,  2.02878e-10,  2.80669e-13,
00:28:02,   1682568,  1.45196e-07,  1.46136e-09,  1.07046e-09,  3.96915e-11,  1.92380e-10,  6.83994e-13,
00:28:46,   1726400,  1.54036e-07,  1.42572e-09,  1.09505e-09,  3.24648e-11,  1.89728e-10,  1.07847e-12,
00:29:34,   1774153,  1.49285e-07,  1.37738e-09,  9.89250e-10,  4.16805e-11,  1.81551e-10, -2.07960e-12,
00:30:23,   1823038,  1.51937e-07,  1.35721e-09,  9.85100e-10,  4.01114e-11,  1.54258e-10,  7.87864e-13,
00:31:06,   1866897,  1.48732e-07,  1.31743e-09,  9.61620e-10,  4.59900e-11,  1.52490e-10, -1.46964e-13,
00:31:55,   1915760,  1.49727e-07,  1.31798e-09,  9.77640e-10,  3.08736e-11,  1.47407e-10,  1.75694e-12,
00:32:37,   1957519,  1.45859e-07,  1.25168e-09,  1.03234e-09,  4.05755e-11,  1.52269e-10,  5.96699e-13,
00:33:21,   2001379,  1.47296e-07,  1.28318e-09,  9.66870e-10,  4.11722e-11,  1.39561e-10, -1.35362e-12,
00:34:10,   2050240,  1.45417e-07,  1.23980e-09,  1.06024e-09,  4.47966e-11,  1.32931e-10,  2.42436e-12,
00:34:54,   2094125,  1.48843e-07,  1.22019e-09,  9.98360e-10,  4.55259e-11,  1.29285e-10, -3.58461e-12,
00:35:43,   2143014,  1.52931e-07,  1.15886e-09,  9.71570e-10,  2.51055e-11,  1.42876e-10, -2.42989e-12,
00:36:31,   2191900,  1.50390e-07,  1.10831e-09,  9.68250e-10,  3.66859e-11,  1.29837e-10,  1.04090e-12,
00:37:20,   2240788,  1.51716e-07,  1.11190e-09,  9.31790e-10,  3.56914e-11,  1.27406e-10,  2.47077e-12,
00:38:09,   2289673,  1.51716e-07,  1.07350e-09,  9.81510e-10,  5.48079e-11,  1.21771e-10,  1.18455e-12,
00:38:58,   2338508,  1.51274e-07,  1.06549e-09,  1.02654e-09,  4.65867e-11,  1.16577e-10, -2.25751e-12,
00:39:47,   2387343,  1.50942e-07,  9.82620e-10,  9.94220e-10,  3.24648e-11,  1.18566e-10, -9.93390e-13,
00:40:35,   2435125,  1.49948e-07,  1.05389e-09,  1.02737e-09,  4.70508e-11,  1.14699e-10, -4.17910e-12,
00:41:21,   2481911,  1.52047e-07,  1.02157e-09,  1.01024e-09,  4.58353e-11,  9.82340e-11, -5.10509e-13,
00:42:05,   2525799,  1.49064e-07,  1.01521e-09,  1.02764e-09,  3.45864e-11,  1.16246e-10, -9.08309e-13,
00:42:47,   2567558,  1.53594e-07,  9.36760e-10,  1.02599e-09,  4.19899e-11,  1.08732e-10, -1.31052e-12,
00:43:31,   2611444,  1.53263e-07,  9.45870e-10,  9.88140e-10,  4.02882e-11,  1.25086e-10, -7.30404e-13,
00:44:13,   2653203,  1.53373e-07,  9.62450e-10,  9.92280e-10,  3.36803e-11,  1.04533e-10, -9.63550e-13,
00:44:54,   2694935,  1.55252e-07,  9.10519e-10,  1.02737e-09,  2.88846e-11,  1.01991e-10,  1.86523e-12,
00:45:41,   2741670,  1.58346e-07,  8.92010e-10,  9.93390e-10,  3.90948e-11,  1.14036e-10,  3.73600e-12,
00:46:23,   2783430,  1.56025e-07,  2.73111e-10,  9.75710e-10,  5.01006e-11,  1.02544e-10,  2.80890e-12,
00:47:09,   2829296,  3.45864e-08,  1.16396e-09,  1.15991e-08,  1.13790e-09,  9.20576e-10, -3.04869e-12,
00:48:01,   2881218,  1.11615e-07,  1.52904e-09,  1.30224e-08,  1.62655e-09,  2.21110e-10,  3.33267e-12,
00:48:40,   2920583,  1.61440e-07,  1.16908e-09,  2.76802e-09,  2.77078e-10,  1.38014e-10, -2.68625e-12,
00:49:18,   2958890,  1.54810e-07,  1.04892e-09,  1.42296e-09,  7.30180e-11,  1.03649e-10, -4.07192e-12,
00:50:02,   3002775,  1.58346e-07,  8.67424e-10,  1.22765e-09,  4.17689e-11,  1.04533e-10,  2.33596e-12,
00:50:49,   3049563,  1.58898e-07,  2.76780e-10,  1.18732e-09,  6.21000e-11,  8.91730e-11, -6.30070e-12,
00:51:41,   3101508,  1.59561e-07,  2.59254e-10,  1.09615e-09,  5.35261e-11,  9.66870e-11,  1.01107e-12,
00:52:33,   3153428,  1.65307e-07,  2.61266e-10,  1.16328e-09,  4.33822e-11,  9.49190e-11, -1.14477e-12,
00:53:25,   3205375,  1.52710e-07,  2.46923e-10,  1.14919e-09,  4.21667e-11,  8.75160e-11, -2.48293e-12,
00:54:09,   3249140,  1.62987e-07,  2.55144e-10,  1.17295e-09,  4.26971e-11,  7.95600e-11, -1.65528e-12,
00:54:56,   3296060,  1.56467e-07,  2.66437e-10,  1.03842e-09,  5.25979e-11,  7.40350e-11, -2.29176e-12,
00:55:48,   3348006,  1.61329e-07,  2.25729e-10,  1.14118e-09,  2.23209e-11,  7.10510e-11,  6.40899e-12,
00:56:39,   3399951,  1.62103e-07,  2.42481e-10,  1.08372e-09,  2.93708e-11,  7.19350e-11,  2.31165e-12,
00:57:31,   3451871,  1.60335e-07,  2.21994e-10,  1.12019e-09,  3.66196e-11,  8.01120e-11, -4.54486e-12,
00:58:22,   3502710,  1.59672e-07,  2.21132e-10,  1.07102e-09,  3.97136e-11,  7.70180e-11, -4.13269e-13,
00:59:09,   3549604,  1.64755e-07,  2.21928e-10,  1.05223e-09,  3.88959e-11,  8.30960e-11,  4.20452e-12,
00:59:59,   3599450,  1.60003e-07,  2.26237e-10,  1.01659e-09,  4.09070e-11,  7.17140e-11, -4.19899e-12,
01:00:51,   3651371,  1.62324e-07,  2.28977e-10,  1.05582e-09,  4.83326e-11,  6.83990e-11,  7.18240e-14,
01:01:41,   3701163,  1.61440e-07,  2.10215e-10,  1.05140e-09,  5.49626e-11,  7.25980e-11, -1.12488e-12,
01:02:33,   3753083,  1.60777e-07,  2.33618e-10,  1.05278e-09,  4.68077e-11,  7.14930e-11, -3.70727e-12,
01:03:25,   3805028,  1.64976e-07,  2.03032e-10,  1.09975e-09,  4.57911e-11,  7.09410e-11, -4.12164e-13,
01:04:16,   3856975,  1.63539e-07,  2.08226e-10,  1.01577e-09,  5.37250e-11,  7.45870e-11, -3.05532e-12,
01:05:08,   3908895,  1.63429e-07,  2.13286e-10,  1.02571e-09,  3.98462e-11,  6.66310e-11, -4.70729e-13,
01:06:00,   3960815,  1.62987e-07,  1.99949e-10,  1.02820e-09,  5.12940e-11,  6.63000e-11,  3.05753e-12,
01:06:45,   4005633,  1.65639e-07,  2.06214e-10,  1.06770e-09,  5.20675e-11,  6.83990e-11, -1.80998e-12,
01:07:37,   4057580,  1.68180e-07,  2.05286e-10,  1.09615e-09,  4.43988e-11,  7.81230e-11,  2.33044e-12,
01:08:29,   4109503,  1.60777e-07,  1.79960e-10,  1.09477e-09,  4.47082e-11,  6.39790e-11, -3.81445e-12,
01:09:20,   4160371,  1.70722e-07,  1.97662e-10,  1.04753e-09,  5.08078e-11,  6.97250e-11, -8.08859e-13,
01:10:10,   4210218,  1.69948e-07,  2.01573e-10,  9.98360e-10,  5.90950e-11,  6.55260e-11, -2.43762e-12,
01:10:57,   4257139,  1.63871e-07,  2.08712e-10,  1.07571e-09,  3.59124e-11,  7.06090e-11,  4.89183e-12,
01:11:46,   4306935,  1.67186e-07,  1.78214e-10,  1.14201e-09,  4.76696e-11,  6.35370e-11, -2.54481e-12,
01:12:33,   4353855,  1.68180e-07,  2.09817e-10,  1.10720e-09,  3.94263e-11,  6.51950e-11, -9.67970e-13,
01:13:18,   4398673,  1.72158e-07,  1.78656e-10,  1.03538e-09,  4.32717e-11,  6.65210e-11,  4.96144e-13,
01:14:10,   4450620,  1.75473e-07,  1.93242e-10,  1.05886e-09,  3.64870e-11,  6.12170e-11, -5.09404e-12,
01:14:54,   4494385,  1.72379e-07,  1.95474e-10,  1.09118e-09,  5.84100e-11,  6.53050e-11, -3.51058e-12,
01:15:41,   4541331,  1.67628e-07,  1.86192e-10,  1.06853e-09,  3.08736e-11,  5.30400e-11,  4.54486e-12,
01:16:33,   4593253,  1.70059e-07,  2.01927e-10,  1.12074e-09,  5.43880e-11,  6.26530e-11,  2.07076e-12,
01:17:25,   4645173,  1.67628e-07,  1.79031e-10,  1.09754e-09,  5.59571e-11,  6.83990e-11, -1.23759e-13,
01:18:17,   4697093,  1.68954e-07,  1.85440e-10,  1.18897e-09,  5.37250e-11,  6.37580e-11, -1.39892e-12,
01:19:06,   4746890,  1.70280e-07,  1.52556e-10,  1.04532e-09,  5.28189e-11,  6.18800e-11,  1.61440e-12,
01:19:58,   4798838,  1.66965e-07,  1.76048e-10,  1.08428e-09,  5.26421e-11,  4.96145e-11,  6.53938e-12,
01:20:50,   4850783,  1.71606e-07,  1.69683e-10,  1.12875e-09,  5.67969e-11,  6.33160e-11,  8.69634e-13,
01:21:42,   4902676,  1.72932e-07,  1.56379e-10,  1.13649e-09,  4.41336e-11,  6.18800e-11, -1.13593e-12,
01:22:34,   4954595,  1.74921e-07,  1.65352e-10,  1.06632e-09,  4.72718e-11,  6.22110e-11,  5.95484e-12,
01:23:21,   5001514,  1.69285e-07,  1.90325e-10,  1.12544e-09,  5.40123e-11,  5.64655e-11, -9.46980e-13,
01:24:13,   5053433,  1.73816e-07,  1.66059e-10,  1.11522e-09,  5.35703e-11,  6.69630e-11,  3.09399e-13,
01:24:59,   5099297,  1.73042e-07,  1.71562e-10,  1.13621e-09,  6.15700e-11,  5.29295e-11, -1.85860e-12,
01:25:46,   5146216,  1.72821e-07,  1.72401e-10,  1.10472e-09,  6.73380e-11,  6.57470e-11, -1.47848e-12,
01:26:38,   5198138,  1.75142e-07,  1.75429e-10,  1.07571e-09,  6.03770e-11,  5.64655e-11, -2.71387e-12,
01:27:30,   5250082,  1.72821e-07,  1.50125e-10,  1.10831e-09,  4.20783e-11,  5.80125e-11, -5.94489e-13,
01:28:22,   5302003,  1.75915e-07,  1.60180e-10,  1.11549e-09,  3.47411e-11,  5.54710e-11, -2.54039e-12,
01:29:13,   5353925,  1.76357e-07,  1.80888e-10,  1.15859e-09,  6.86860e-11,  4.90620e-11, -3.43654e-13,
01:30:00,   5400844,  1.78567e-07,  1.65440e-10,  1.11964e-09,  5.17581e-11,  5.72390e-11, -4.16584e-12,
01:30:51,   5451683,  1.74700e-07,  1.48865e-10,  1.16356e-09,  4.52165e-11,  6.53050e-11,  6.78469e-13,
01:31:39,   5499376,  1.77573e-07,  1.52688e-10,  1.13676e-09,  5.98570e-11,  5.41450e-11,  2.76028e-12,
01:32:30,   5550243,  1.76578e-07,  1.64401e-10,  1.10859e-09,  4.89293e-11,  6.07750e-11, -8.76264e-13,
01:33:21,   5601081,  1.73926e-07,  1.66147e-10,  1.15914e-09,  5.79682e-11,  5.48080e-11,  1.38898e-12,
01:34:13,   5653030,  1.73153e-07,  1.56467e-10,  1.12433e-09,  7.00340e-11,  5.54710e-11, -1.85639e-12,
01:34:59,   5699950,  1.80556e-07,  1.56534e-10,  1.15721e-09,  5.21559e-11,  5.32610e-11,  2.43099e-12,
01:35:51,   5751871,  1.79672e-07,  1.53484e-10,  1.15196e-09,  5.09846e-11,  5.35925e-11, -1.17461e-12,
01:36:43,   5803791,  1.80335e-07,  1.52688e-10,  1.12654e-09,  5.85200e-11,  5.44765e-11,  7.15708e-12,
01:37:28,   5848582,  1.80998e-07,  1.53175e-10,  1.15279e-09,  5.66422e-11,  5.18245e-11,  4.78575e-12,
01:38:20,   5900503,  1.78788e-07,  1.49771e-10,  1.10997e-09,  7.13380e-11,  5.51395e-11,  1.67959e-13,
01:39:12,   5952396,  1.80998e-07,  1.51053e-10,  1.12930e-09,  5.58024e-11,  5.27085e-11,  4.08407e-12,
01:39:57,   5997213,  1.83761e-07,  1.61727e-10,  1.10057e-09,  4.88630e-11,  5.18245e-11,  3.58461e-12,
01:40:49,   6049133,  1.78678e-07,  1.60092e-10,  1.14671e-09,  6.03550e-11,  5.42555e-11,  1.18124e-12,
01:41:41,   6101053,  1.79672e-07,  1.58722e-10,  1.13234e-09,  6.09730e-11,  4.77360e-11,  3.59124e-13,
01:42:33,   6153000,  1.79451e-07,  1.48865e-10,  1.12792e-09,  5.44764e-11,  4.99460e-11,  4.25424e-12,
01:43:22,   6202846,  1.80998e-07,  1.52467e-10,  1.04035e-09,  7.12500e-11,  5.13825e-11,  2.85421e-12,
01:44:14,   6254765,  1.83540e-07,  1.31539e-10,  1.01079e-09,  5.07415e-11,  5.34820e-11,  1.13041e-12,
01:45:06,   6306713,  1.86523e-07,  1.42014e-10,  1.14367e-09,  7.72610e-11,  4.96145e-11, -3.29289e-13,
01:45:53,   6353656,  1.81661e-07,  1.57594e-10,  1.17047e-09,  4.61668e-11,  5.58025e-11, -1.30389e-13,
01:46:45,   6405578,  1.89507e-07,  1.44246e-10,  1.15803e-09,  6.66750e-11,  5.21560e-11, -6.77143e-12,
01:47:37,   6457500,  1.84645e-07,  1.57727e-10,  1.18345e-09,  5.43880e-11,  5.16035e-11, -2.34259e-12,
01:48:24,   6504418,  1.83761e-07,  1.35097e-10,  1.20555e-09,  6.43550e-11,  5.32610e-11, -3.08405e-12,
01:49:16,   6556340,  1.81551e-07,  1.46876e-10,  1.16798e-09,  5.56698e-11,  4.51945e-11,  2.02325e-12,
01:50:08,   6608286,  1.83982e-07,  1.36113e-10,  1.12516e-09,  8.15040e-11,  4.12165e-11,  3.21996e-12,
01:51:00,   6660233,  1.77020e-07,  1.36312e-10,  1.16273e-09,  5.31062e-11,  4.82885e-11,  3.31831e-12,
01:51:52,   6712155,  1.83540e-07,  1.26323e-10,  1.15168e-09,  6.19900e-11,  5.73495e-11, -2.76249e-13,
01:52:39,   6759077,  1.88623e-07,  1.11671e-10,  1.16190e-09,  4.54817e-11,  5.70180e-11, -3.63765e-12,
01:53:26,   6806023,  1.89286e-07,  1.42677e-10,  1.17682e-09,  5.60676e-11,  5.41450e-11,  2.07629e-12,
01:54:17,   6857945,  1.88733e-07,  1.48467e-10,  1.20638e-09,  5.96250e-11,  4.65205e-11,  3.73268e-12,
01:55:09,   6909865,  1.88954e-07,  1.18986e-10,  1.12267e-09,  6.52610e-11,  5.45870e-11,  1.81330e-12,
01:55:56,   6956758,  1.94148e-07,  1.27141e-10,  1.11936e-09,  6.24540e-11,  4.90620e-11,  3.30615e-12,
01:56:48,   7008655,  1.90391e-07,  1.20246e-10,  1.16743e-09,  7.00560e-11,  5.02775e-11, -1.94258e-12,
01:57:40,   7060576,  1.89949e-07,  1.36798e-10,  1.21577e-09,  4.99238e-11,  4.34265e-11, -1.09836e-12,
01:58:32,   7112523,  1.94148e-07,  1.17350e-10,  1.20555e-09,  6.20120e-11,  5.43660e-11,  5.18465e-12,
01:59:21,   7161261,  1.88181e-07,  1.30434e-10,  1.21936e-09,  5.92500e-11,  5.14930e-11,  1.06079e-13,
02:00:13,   7213209,  1.94148e-07,  1.30655e-10,  1.45279e-09,  6.00890e-11,  4.60785e-11,  1.48732e-12,
02:01:00,   7260157,  1.92601e-07,  1.07140e-10,  1.64009e-09,  9.82560e-11,  5.69075e-11, -6.54159e-13,
02:01:50,   7310971,  1.86192e-07,  1.47340e-10,  6.42584e-09,  2.07098e-10,  4.59680e-11,  2.03319e-12,
02:02:34,   7354707,  2.05640e-07,  1.56887e-10,  1.15569e-08,  2.54945e-10,  6.37580e-11, -7.01232e-12,
02:03:26,   7406628,  1.83982e-07,  1.86634e-10,  1.11621e-07,  1.36555e-10,  6.79570e-11,  7.95590e-14,
02:04:11,   7451053,  1.82987e-07,  1.94700e-10,  1.99783e-07,  1.12953e-10,  6.96150e-11,  1.19781e-12,
02:04:58,   7498342,  1.80998e-07,  1.91496e-10,  2.04756e-07,  9.52500e-11,  7.04990e-11,  2.27408e-12,
02:05:45,   7545603,  1.84534e-07,  1.90656e-10,  2.12933e-07,  1.16754e-10,  7.08300e-11, -1.61108e-12,
02:06:37,   7597890,  1.79562e-07,  2.04159e-10,  2.14369e-07,  1.13129e-10,  7.02780e-11,  1.78788e-12,
02:07:30,   7650176,  1.84534e-07,  1.79584e-10,  2.15585e-07,  1.13881e-10,  6.50840e-11,  2.63321e-12,
02:08:20,   7700310,  1.76357e-07,  1.99651e-10,  2.18016e-07,  9.39020e-11,  7.23770e-11, -2.51829e-12,
02:09:08,   7748368,  1.80114e-07,  1.81706e-10,  2.22657e-07,  1.01637e-10,  6.82890e-11,  1.63097e-12,
02:09:58,   7798524,  1.81219e-07,  1.81573e-10,  2.21994e-07,  1.06809e-10,  7.71290e-11, -2.92382e-12,
02:10:45,   7845783,  1.83871e-07,  1.85396e-10,  2.23099e-07,  8.23440e-11,  7.52500e-11,  2.98681e-12,
02:11:38,   7898041,  1.86965e-07,  1.57594e-10,  2.23983e-07,  1.14964e-10,  7.10510e-11,  5.88743e-12,
02:12:30,   7950328,  1.86192e-07,  1.58920e-10,  2.19010e-07,  9.45430e-11,  7.27090e-11,  1.03096e-12,
02:13:22,   8002585,  1.82435e-07,  1.70324e-10,  2.17905e-07,  8.49080e-11,  7.13830e-11, -1.12267e-12,
02:14:14,   8054873,  1.85860e-07,  1.83032e-10,  2.26524e-07,  8.38910e-11,  5.91170e-11,  7.51390e-14,
02:15:07,   8107160,  1.83319e-07,  2.01463e-10,  2.27298e-07,  9.74600e-11,  6.18800e-11, -4.96144e-13,
02:15:59,   8159420,  1.87076e-07,  1.70523e-10,  2.24314e-07,  6.01110e-11,  6.66310e-11, -3.43433e-12,
02:16:51,   8211628,  1.86413e-07,  1.73661e-10,  2.29397e-07,  1.07516e-10,  6.97250e-11, -7.42890e-12,
02:17:41,   8261763,  1.82656e-07,  1.74368e-10,  2.24425e-07,  9.09850e-11,  6.66310e-11, -4.23877e-12,
02:18:34,   8314023,  1.88070e-07,  1.87894e-10,  2.23983e-07,  1.00842e-10,  7.03880e-11,  4.43325e-12,
02:19:26,   8366283,  1.88070e-07,  1.81949e-10,  2.27298e-07,  1.13041e-10,  7.14930e-11, -4.52828e-12,
02:20:13,   8413544,  1.88181e-07,  1.91562e-10,  2.27187e-07,  8.51950e-11,  6.14380e-11,  2.57464e-13,
02:21:00,   8460806,  1.91827e-07,  1.70965e-10,  2.26856e-07,  9.95600e-11,  6.00010e-11, -2.54702e-12,
02:21:53,   8513091,  1.86302e-07,  1.71738e-10,  2.28182e-07,  9.15160e-11,  6.68520e-11,  0.00000e+00,
02:22:45,   8565323,  1.88844e-07,  1.72269e-10,  2.25861e-07,  1.03427e-10,  6.19900e-11, -2.08292e-12,
02:23:32,   8612582,  1.89175e-07,  1.77728e-10,  2.31939e-07,  8.75820e-11,  6.97250e-11,  2.26524e-12,
02:24:22,   8662740,  1.90059e-07,  1.58280e-10,  2.24204e-07,  9.79690e-11,  6.05540e-11, -1.50942e-12,
02:25:15,   8715026,  1.89949e-07,  1.57462e-10,  2.28955e-07,  8.51730e-11,  6.76260e-11,  4.80785e-12,
02:26:07,   8767287,  1.82877e-07,  1.57108e-10,  2.28071e-07,  1.00554e-10,  5.50290e-11, -4.77580e-12,
02:26:54,   8814544,  1.92048e-07,  1.73683e-10,  2.29950e-07,  8.84220e-11,  5.96700e-11, -6.38579e-12,
02:27:46,   8866830,  1.92048e-07,  1.56777e-10,  2.33265e-07,  9.05650e-11,  7.40350e-11,  4.19126e-12,
02:28:39,   8919118,  1.88402e-07,  1.57683e-10,  2.31055e-07,  1.02499e-10,  5.70180e-11,  8.47534e-13,
02:29:31,   8971350,  1.89507e-07,  1.61020e-10,  2.26193e-07,  8.73390e-11,  5.92280e-11,  2.18347e-12,
02:30:16,   9016509,  1.87849e-07,  1.59583e-10,  2.33265e-07,  9.98250e-11,  6.92830e-11, -1.55694e-12,
02:31:08,   9068768,  1.92380e-07,  1.73352e-10,  2.26745e-07,  8.83990e-11,  6.93940e-11, -1.58567e-12,
02:31:58,   9118898,  1.90391e-07,  1.55959e-10,  2.33375e-07,  9.85210e-11,  7.43660e-11,  5.92279e-13,
02:32:51,   9171185,  1.88733e-07,  1.60600e-10,  2.33486e-07,  9.41900e-11,  6.45320e-11,  6.32059e-13,
02:33:43,   9223471,  1.86523e-07,  1.82324e-10,  2.30171e-07,  8.81560e-11,  6.18800e-11, -4.01114e-13,
02:34:28,   9268630,  1.93043e-07,  1.62567e-10,  2.33707e-07,  9.04550e-11,  6.43110e-11, -1.81993e-12,
02:35:16,   9316715,  1.84313e-07,  1.65020e-10,  2.36359e-07,  1.03096e-10,  6.57470e-11, -1.90943e-12,
02:36:08,   9368976,  1.90722e-07,  1.62898e-10,  2.33928e-07,  1.07030e-10,  6.48630e-11, -1.97352e-12,
02:37:01,   9421261,  1.89838e-07,  1.67539e-10,  2.31939e-07,  9.54490e-11,  6.88410e-11, -1.54478e-12,
02:37:53,   9473495,  1.91496e-07,  1.89639e-10,  2.32381e-07,  1.04378e-10,  6.40900e-11,  1.14146e-12,
02:38:45,   9525755,  1.97684e-07,  1.50103e-10,  2.36248e-07,  8.89300e-11,  6.56370e-11,  4.29955e-12,
02:39:33,   9573039,  1.96689e-07,  1.62092e-10,  2.34812e-07,  9.24220e-11,  6.46420e-11, -2.53044e-12,
02:40:18,   9618196,  1.94369e-07,  1.57219e-10,  2.38127e-07,  1.03096e-10,  7.08300e-11,  2.42989e-12,
02:41:05,   9665426,  1.97794e-07,  1.54191e-10,  2.35806e-07,  8.23880e-11,  6.18800e-11,  1.71385e-12,
02:41:57,   9717633,  1.93927e-07,  1.61241e-10,  2.34149e-07,  8.82230e-11,  6.25430e-11, -1.45528e-12,
02:42:49,   9769838,  1.90943e-07,  1.62169e-10,  2.34812e-07,  8.48190e-11,  7.01670e-11, -1.92490e-12,
02:43:42,   9822125,  1.90833e-07,  1.53241e-10,  2.34812e-07,  1.05416e-10,  6.39790e-11,  5.22664e-12,
02:44:29,   9869384,  1.92822e-07,  1.55628e-10,  2.36580e-07,  7.80790e-11,  6.23220e-11, -5.25427e-12,
02:45:21,   9921668,  1.99341e-07,  1.61440e-10,  2.40668e-07,  9.69520e-11,  5.93380e-11,  2.59232e-12,
02:46:04,   9964672,  1.92048e-07,  1.54500e-10,  2.34480e-07,  8.37810e-11,  6.78470e-11,  8.35379e-13,
02:46:54,  10014830,  1.97021e-07,  1.55738e-10,  2.39232e-07,  9.76810e-11,  6.59680e-11, -1.09394e-12,
02:47:47,  10067090,  1.94148e-07,  1.50036e-10,  2.35696e-07,  8.93720e-11,  5.38135e-11, -1.16245e-12,
02:48:34,  10114350,  1.93595e-07,  1.58081e-10,  2.36359e-07,  8.98360e-11,  6.26530e-11,  1.02985e-12,
02:49:26,  10166610,  1.93595e-07,  1.50567e-10,  2.38237e-07,  1.12687e-10,  6.00010e-11,  5.31725e-12,
02:50:18,  10218868,  1.94258e-07,  1.35318e-10,  2.34038e-07,  7.95370e-11,  5.29295e-11, -7.02779e-13,
02:51:09,  10269026,  1.96247e-07,  1.49064e-10,  2.40889e-07,  8.68750e-11,  5.55815e-11,  9.88970e-13,
02:52:01,  10321286,  1.98236e-07,  1.67296e-10,  2.39784e-07,  7.59130e-11,  6.60790e-11, -3.93821e-12,
02:52:53,  10373571,  2.01220e-07,  1.56976e-10,  2.32049e-07,  9.88970e-11,  6.00010e-11, -5.77804e-12,
02:53:40,  10420832,  1.97352e-07,  1.32710e-10,  2.40668e-07,  1.03715e-10,  4.68520e-11, -1.19671e-12,
02:54:28,  10468118,  1.95032e-07,  1.48114e-10,  2.39342e-07,  1.17571e-10,  6.33160e-11,  3.21665e-12,
02:55:20,  10520351,  1.97573e-07,  1.63252e-10,  2.40226e-07,  9.42780e-11,  5.58025e-11, -2.00115e-12,
02:56:10,  10570511,  1.98568e-07,  1.38743e-10,  2.43873e-07,  9.93830e-11,  6.48630e-11,  5.26863e-12,
02:57:02,  10622795,  1.96800e-07,  1.35738e-10,  2.34701e-07,  7.22220e-11,  6.59680e-11, -1.87186e-12,
02:57:55,  10675080,  2.02104e-07,  1.61175e-10,  2.42105e-07,  1.11185e-10,  5.22665e-11, -3.40339e-12,
02:58:42,  10722369,  1.99783e-07,  1.41329e-10,  2.34922e-07,  1.17373e-10,  5.52500e-11, -1.30500e-12,
02:59:34,  10774630,  1.98899e-07,  1.49373e-10,  2.37464e-07,  1.08113e-10,  5.95590e-11,  1.33262e-12,
03:00:24,  10824763,  2.03098e-07,  1.54103e-10,  2.37906e-07,  1.10256e-10,  5.71285e-11, -5.19902e-12,
03:01:09,  10869921,  2.00667e-07,  1.54302e-10,  2.40116e-07,  1.19074e-10,  7.16040e-11, -7.58020e-12,
03:02:02,  10922208,  2.01330e-07,  1.35053e-10,  2.43983e-07,  8.91730e-11,  6.37580e-11,  4.38242e-12,
03:02:54,  10974493,  2.01772e-07,  1.42544e-10,  2.41773e-07,  9.72840e-11,  5.67970e-11, -2.12933e-12,
03:03:44,  11024626,  1.96800e-07,  1.38832e-10,  2.43099e-07,  9.12720e-11,  6.57470e-11, -3.83655e-12,
03:04:36,  11076885,  1.99673e-07,  1.49197e-10,  2.41884e-07,  8.55040e-11,  5.79020e-11,  2.14480e-12,
03:05:29,  11129173,  1.99010e-07,  1.40931e-10,  2.36248e-07,  9.79910e-11,  5.61340e-11,  1.66854e-12,
03:06:21,  11181433,  1.98347e-07,  1.34169e-10,  2.42326e-07,  1.05041e-10,  6.50840e-11, -3.00338e-12,
03:07:08,  11228692,  1.96910e-07,  1.47207e-10,  2.44757e-07,  8.88640e-11,  5.84540e-11,  9.96700e-13,
03:07:55,  11275951,  1.99010e-07,  1.32157e-10,  2.46414e-07,  1.11980e-10,  5.87860e-11, -4.14485e-12,
03:08:41,  11321108,  2.05971e-07,  1.53948e-10,  2.41884e-07,  1.02543e-10,  5.98910e-11,  7.22669e-13,
03:09:33,  11373393,  1.99341e-07,  1.57661e-10,  2.42105e-07,  9.52730e-11,  5.92280e-11,  1.34367e-12,
03:10:25,  11425678,  1.96800e-07,  1.29594e-10,  2.40889e-07,  9.33280e-11,  5.19350e-11, -2.54923e-12,
03:11:17,  11477965,  2.02546e-07,  1.52688e-10,  2.42768e-07,  9.12060e-11,  6.50840e-11,  3.52715e-12,
03:12:08,  11528098,  2.01772e-07,  1.18168e-10,  2.48845e-07,  1.08930e-10,  5.84540e-11, -1.39119e-12,
03:13:00,  11580358,  2.02656e-07,  1.50611e-10,  2.42547e-07,  8.62560e-11,  5.24875e-11, -5.17692e-12,
03:13:50,  11630518,  2.04645e-07,  1.38810e-10,  2.44757e-07,  9.94720e-11,  5.86750e-11,  1.66854e-13,
03:14:42,  11682755,  2.03540e-07,  1.54677e-10,  2.42657e-07,  1.04577e-10,  5.98910e-11,  2.75476e-12,
03:15:32,  11732941,  2.04645e-07,  1.23207e-10,  2.47298e-07,  1.02919e-10,  6.03330e-11, -1.31273e-12,
03:16:25,  11785200,  1.99452e-07,  1.11339e-10,  2.48514e-07,  1.11428e-10,  6.34270e-11, -4.08739e-12,
03:17:17,  11837433,  2.00446e-07,  1.36401e-10,  2.45309e-07,  7.81230e-11,  5.31505e-11, -1.81440e-12,
03:18:04,  11884665,  2.09286e-07,  1.36401e-10,  2.45420e-07,  9.29960e-11,  5.73495e-11,  1.33373e-12,
03:18:56,  11936925,  2.01330e-07,  1.40578e-10,  2.49066e-07,  1.07737e-10,  6.01120e-11,  2.93598e-12,
03:19:49,  11989187,  2.04093e-07,  1.38522e-10,  2.39453e-07,  9.09410e-11,  5.49185e-11,  3.04427e-12,
03:20:41,  12041421,  1.99341e-07,  1.42058e-10,  2.43541e-07,  9.25980e-11,  4.77360e-11,  2.20557e-12,
03:21:33,  12093708,  2.03872e-07,  1.31273e-10,  2.39784e-07,  1.17881e-10,  5.43660e-11, -1.56578e-12,
03:22:23,  12143870,  2.03430e-07,  1.36047e-10,  2.45530e-07,  1.01461e-10,  5.34820e-11,  1.52268e-12,
03:23:16,  12196158,  1.99231e-07,  1.44136e-10,  2.49729e-07,  1.04842e-10,  5.40345e-11, -4.71834e-13,
03:24:03,  12243416,  2.05861e-07,  1.27649e-10,  2.46746e-07,  1.02013e-10,  5.45870e-11, -3.32383e-12,
03:24:55,  12295648,  2.04977e-07,  1.33616e-10,  2.39011e-07,  7.47200e-11,  5.65760e-11, -4.97249e-14,
03:25:40,  12340806,  2.00115e-07,  1.34588e-10,  2.46414e-07,  9.09850e-11,  6.12170e-11,  1.41992e-12,
03:26:33,  12393068,  2.02656e-07,  1.20223e-10,  2.47298e-07,  9.72840e-11,  6.00010e-11, -3.11720e-12,
03:27:23,  12443201,  2.07518e-07,  1.58722e-10,  2.44867e-07,  1.07273e-10,  5.33715e-11,  2.11054e-13,
03:28:15,  12495460,  2.05640e-07,  1.27715e-10,  2.47740e-07,  1.24555e-10,  4.86200e-11, -3.59124e-13,
03:29:02,  12542746,  2.03761e-07,  1.50523e-10,  2.43320e-07,  8.60790e-11,  5.39240e-11,  2.39674e-12,
03:29:47,  12587930,  2.05087e-07,  1.13350e-10,  2.49066e-07,  1.15384e-10,  6.44210e-11, -9.33720e-13,
03:30:38,  12638116,  2.00778e-07,  1.36356e-10,  2.47409e-07,  1.18102e-10,  5.88960e-11, -1.49174e-13,
03:31:25,  12685376,  2.04535e-07,  1.14500e-10,  2.45641e-07,  1.02853e-10,  5.66865e-11,  8.33169e-13,
03:32:17,  12737610,  2.10612e-07,  1.30522e-10,  2.49508e-07,  1.05969e-10,  6.43110e-11, -7.52504e-13,
03:33:04,  12784842,  2.03430e-07,  1.32467e-10,  2.48845e-07,  9.74830e-11,  5.69075e-11, -4.46640e-12,
03:33:57,  12837100,  2.05308e-07,  1.55495e-10,  2.43652e-07,  1.00179e-10,  6.48630e-11, -1.15693e-12,
03:34:42,  12882256,  2.02104e-07,  1.15472e-10,  2.51055e-07,  9.74830e-11,  6.43110e-11, -2.45751e-12,
03:35:29,  12929463,  2.07408e-07,  1.20886e-10,  2.51608e-07,  9.24660e-11,  5.45870e-11, -1.09063e-12,
03:36:21,  12981725,  2.08734e-07,  1.26588e-10,  2.48072e-07,  1.14035e-10,  6.81780e-11, -1.06632e-12,
03:37:13,  13033960,  2.05087e-07,  1.11627e-10,  2.43541e-07,  8.67200e-11,  6.27640e-11,  4.18352e-12,
03:38:06,  13086247,  2.04314e-07,  1.14964e-10,  2.50503e-07,  9.18690e-11,  6.54160e-11,  1.40776e-12,
03:38:58,  13138508,  2.08071e-07,  1.28887e-10,  2.46414e-07,  9.42340e-11,  6.02220e-11,  2.58790e-12,
03:39:50,  13190768,  2.03651e-07,  1.28975e-10,  2.50945e-07,  1.15848e-10,  6.17690e-11,  3.67964e-12,
03:40:40,  13240901,  2.07408e-07,  1.42102e-10,  2.48624e-07,  1.05041e-10,  6.28740e-11, -1.44312e-12,
03:41:33,  13293163,  2.12049e-07,  1.12842e-10,  2.49066e-07,  1.25815e-10,  7.12720e-11,  6.46424e-13,
03:42:20,  13340448,  2.06966e-07,  1.27870e-10,  2.47740e-07,  1.02764e-10,  6.99460e-11,  6.04434e-13,
03:43:07,  13387680,  2.06966e-07,  1.37307e-10,  2.49619e-07,  9.40570e-11,  7.44770e-11,  4.64099e-14,
03:43:52,  13432864,  2.01993e-07,  1.24533e-10,  2.50613e-07,  1.05350e-10,  6.79570e-11, -1.32599e-12,
03:44:43,  13483023,  2.07739e-07,  1.24290e-10,  2.50282e-07,  1.02168e-10,  6.77360e-11,  3.54373e-12,
03:45:28,  13528180,  2.13375e-07,  1.23362e-10,  2.52271e-07,  1.10544e-10,  7.88970e-11, -1.93485e-12,
03:46:15,  13575411,  2.07960e-07,  1.21804e-10,  2.48514e-07,  8.26760e-11,  6.83990e-11,  2.16690e-12,
03:47:07,  13627641,  2.14922e-07,  1.43782e-10,  2.48403e-07,  9.67750e-11,  7.27090e-11, -1.17129e-12,
03:47:57,  13677773,  2.13485e-07,  1.34191e-10,  2.51829e-07,  1.19516e-10,  7.83440e-11, -2.61884e-13,
03:48:47,  13727930,  2.09065e-07,  1.32312e-10,  2.48514e-07,  9.68200e-11,  7.73500e-11,  1.05858e-12,
03:49:38,  13778090,  2.05087e-07,  1.31296e-10,  2.57022e-07,  9.23550e-11,  8.02230e-11, -1.29837e-12,
03:50:30,  13830376,  2.06082e-07,  9.86540e-11,  2.50282e-07,  1.09660e-10,  8.64110e-11, -1.38566e-12,
03:51:22,  13882665,  2.09397e-07,  1.14455e-10,  2.49729e-07,  1.00996e-10,  8.33170e-11, -4.75591e-12,
03:52:14,  13934873,  2.12159e-07,  1.31671e-10,  2.48624e-07,  9.83000e-11,  9.16040e-11,  1.32268e-12,
03:53:02,  13982880,  2.14038e-07,  1.33616e-10,  2.52492e-07,  1.01328e-10,  1.08400e-10, -6.85090e-14,
03:53:48,  14028040,  2.13596e-07,  1.26257e-10,  2.49729e-07,  1.03715e-10,  9.31510e-11,  2.80227e-12,
03:54:35,  14075327,  2.09728e-07,  1.12577e-10,  2.50945e-07,  1.03184e-10,  1.07295e-10,  3.03653e-12,
03:55:27,  14127585,  2.04645e-07,  1.15826e-10,  2.49508e-07,  9.55820e-11,  8.84000e-11, -3.20007e-12,
03:56:10,  14170669,  2.13485e-07,  1.32312e-10,  2.51276e-07,  1.11339e-10,  9.64660e-11,  2.10170e-12,
03:57:02,  14222933,  2.12049e-07,  1.22456e-10,  2.50613e-07,  1.11582e-10,  1.00002e-10, -6.29960e-12,
03:57:55,  14275166,  2.14701e-07,  1.13770e-10,  2.52050e-07,  1.25748e-10,  1.08621e-10,  8.48639e-13,
03:58:42,  14322451,  2.10391e-07,  1.19472e-10,  2.55917e-07,  8.53050e-11,  1.09395e-10, -5.63549e-14,
03:59:32,  14372640,  2.08292e-07,  1.17726e-10,  2.57022e-07,  9.23550e-11,  1.22544e-10,  2.58017e-12,
04:00:19,  14419926,  2.17574e-07,  1.27715e-10,  2.54260e-07,  1.01593e-10,  1.23870e-10, -5.72389e-13,
04:01:12,  14472133,  2.14922e-07,  1.19936e-10,  2.54923e-07,  9.54710e-11,  1.21771e-10, -2.13264e-13,
04:01:59,  14519391,  2.09507e-07,  1.31097e-10,  2.56801e-07,  8.26310e-11,  1.28069e-10, -1.91164e-12,
04:02:51,  14571650,  2.11054e-07,  1.14522e-10,  2.54591e-07,  8.17030e-11,  1.29506e-10,  5.11172e-12,
04:03:41,  14621808,  2.09728e-07,  1.04245e-10,  2.54481e-07,  1.01438e-10,  1.28180e-10,  2.40889e-13,
04:04:29,  14669040,  2.09839e-07,  1.24356e-10,  2.54591e-07,  1.13527e-10,  1.48180e-10, -2.80448e-12,
04:05:16,  14716271,  2.16248e-07,  1.12466e-10,  2.55475e-07,  9.16040e-11,  1.58015e-10,  6.75265e-12,
04:06:08,  14768505,  2.12601e-07,  1.17505e-10,  2.56801e-07,  8.95490e-11,  1.53042e-10, -6.24766e-12,
04:07:00,  14820795,  2.16358e-07,  1.07450e-10,  2.57022e-07,  9.17370e-11,  1.54921e-10, -1.83761e-12,
04:07:48,  14868081,  2.12380e-07,  1.25152e-10,  2.57354e-07,  9.26430e-11,  1.72380e-10, -4.76144e-12,
04:08:35,  14915338,  2.11717e-07,  1.12267e-10,  2.56580e-07,  9.36590e-11,  1.70612e-10, -1.69064e-12,
04:09:25,  14965521,  2.07960e-07,  1.25726e-10,  2.55365e-07,  1.02300e-10,  1.72822e-10,  2.91830e-12,
04:10:17,  15017781,  2.07518e-07,  1.11980e-10,  2.55254e-07,  1.22124e-10,  2.00336e-10, -1.59340e-12,
04:11:05,  15065066,  2.15585e-07,  8.88410e-11,  2.54149e-07,  1.01792e-10,  2.05972e-10, -1.07737e-12,
04:11:50,  15110196,  2.11828e-07,  1.01505e-10,  2.57464e-07,  1.06190e-10,  1.88734e-10,  8.16594e-13,
04:12:42,  15162428,  2.15032e-07,  1.08731e-10,  2.57906e-07,  9.92730e-11,  2.48514e-10, -3.43212e-12,
04:13:29,  15209661,  2.17684e-07,  1.24489e-10,  2.59785e-07,  1.02897e-10,  2.20779e-10,  4.13490e-12,
04:14:21,  15261948,  2.06192e-07,  1.24621e-10,  2.56691e-07,  9.89190e-11,  2.25088e-10, -1.37572e-12,
04:15:14,  15314235,  2.10612e-07,  1.09881e-10,  2.58017e-07,  9.97150e-11,  2.60117e-10, -4.29402e-12,
04:16:01,  15361494,  2.12933e-07,  1.08201e-10,  2.57685e-07,  1.17041e-10,  2.56802e-10, -1.03648e-12,
04:16:53,  15413755,  2.11386e-07,  1.03472e-10,  2.57464e-07,  1.14676e-10,  2.53376e-10,  2.07960e-12,
04:17:43,  15463915,  2.10723e-07,  9.96040e-11,  2.56249e-07,  1.10367e-10,  2.66194e-10,  6.91729e-13,
04:18:31,  15511174,  2.10281e-07,  1.13085e-10,  2.57796e-07,  9.68200e-11,  2.78128e-10, -6.47529e-12,
04:19:23,  15563406,  2.16800e-07,  1.09019e-10,  2.57906e-07,  1.04842e-10,  2.86747e-10,  1.12930e-12,
04:20:13,  15613538,  2.12049e-07,  1.24025e-10,  2.56359e-07,  1.26168e-10,  2.96692e-10, -5.55372e-12,
04:21:05,  15665795,  2.15143e-07,  1.12157e-10,  2.57685e-07,  9.97150e-11,  3.07853e-10, -1.49064e-12,
04:21:58,  15718003,  2.13485e-07,  1.12201e-10,  2.55365e-07,  1.09770e-10,  3.32163e-10, -1.13814e-13,
04:22:45,  15765235,  2.12159e-07,  1.04223e-10,  2.56580e-07,  7.82110e-11,  3.16693e-10,  4.05313e-12,
04:23:32,  15812467,  2.09839e-07,  1.04798e-10,  2.55144e-07,  1.04930e-10,  3.29953e-10,  2.35364e-13,
04:24:24,  15864725,  2.07408e-07,  1.31229e-10,  2.59343e-07,  1.18544e-10,  3.55921e-10,  2.85642e-12,
04:25:16,  15916958,  2.12491e-07,  1.07781e-10,  2.52934e-07,  1.06720e-10,  3.49070e-10,  6.11064e-13,
04:26:09,  15969165,  2.12933e-07,  9.71950e-11,  2.56801e-07,  1.09726e-10,  4.00010e-10, -6.62999e-13,
04:26:54,  16014297,  2.18237e-07,  9.47200e-11,  2.56470e-07,  1.20444e-10,  3.85535e-10,  5.40786e-12,
04:27:46,  16066533,  2.12159e-07,  1.20555e-10,  2.61221e-07,  1.03737e-10,  3.80894e-10,  1.93485e-12,
04:28:31,  16111689,  2.10944e-07,  8.87090e-11,  2.53707e-07,  1.00046e-10,  3.91833e-10, -3.86086e-12,
04:29:23,  16163950,  2.10833e-07,  1.08046e-10,  2.61111e-07,  1.00466e-10,  4.10176e-10,  4.46530e-12,
04:30:16,  16216211,  2.11607e-07,  1.21527e-10,  2.61442e-07,  1.16732e-10,  4.03325e-10,  3.31499e-12,
04:31:08,  16268498,  2.12049e-07,  9.98250e-11,  2.60558e-07,  1.15803e-10,  4.17248e-10, -6.32059e-13,
04:31:58,  16318658,  2.15806e-07,  9.60460e-11,  2.56801e-07,  9.70850e-11,  4.28851e-10, -3.19344e-13,
04:32:48,  16368843,  2.14259e-07,  9.12500e-11,  2.57464e-07,  9.74830e-11,  4.30398e-10,  3.63544e-13,
04:33:38,  16418976,  2.17353e-07,  1.00775e-10,  2.56470e-07,  1.09704e-10,  4.51614e-10,  1.85197e-12,
04:34:27,  16467060,  2.17795e-07,  1.14477e-10,  2.61884e-07,  9.08970e-11,  4.33713e-10, -9.24880e-13,
04:35:14,  16514346,  2.14259e-07,  1.13549e-10,  2.61221e-07,  1.09615e-10,  4.33934e-10, -3.44980e-12,
04:35:59,  16559530,  2.17021e-07,  9.19580e-11,  2.61553e-07,  1.13505e-10,  4.54818e-10,  3.04979e-13,
04:36:51,  16611763,  2.19784e-07,  1.00245e-10,  2.54039e-07,  1.12002e-10,  4.46973e-10, -3.92716e-12,
04:37:41,  16661950,  2.14259e-07,  1.03405e-10,  2.60558e-07,  1.04842e-10,  4.55039e-10, -2.80117e-12,
04:38:34,  16714210,  2.14148e-07,  1.02985e-10,  2.56801e-07,  8.83990e-11,  4.55702e-10, -1.45859e-13,
04:39:26,  16766471,  2.17684e-07,  9.62890e-11,  2.60227e-07,  6.85320e-11,  4.49514e-10, -2.35143e-12,
04:40:13,  16813728,  2.16137e-07,  1.15008e-10,  2.57464e-07,  1.08267e-10,  4.80565e-10, -3.48185e-12,
04:41:05,  16865986,  2.18900e-07,  1.09284e-10,  2.62989e-07,  1.15494e-10,  4.74156e-10, -1.65307e-12,
04:41:58,  16918272,  2.13485e-07,  1.02389e-10,  2.55696e-07,  1.16002e-10,  4.77250e-10,  3.03653e-12,
04:42:43,  16963432,  2.16469e-07,  1.06411e-10,  2.63984e-07,  1.12223e-10,  4.62995e-10,  2.12159e-12,
04:43:35,  17015718,  2.14259e-07,  1.06742e-10,  2.61884e-07,  1.10411e-10,  4.87968e-10,  3.68406e-12,
04:44:25,  17065876,  2.19784e-07,  9.25980e-11,  2.62326e-07,  1.06742e-10,  4.84653e-10, -3.61113e-12,
04:45:11,  17111058,  2.20999e-07,  9.39240e-11,  2.63652e-07,  1.23295e-10,  4.87416e-10, -2.64647e-12,
04:45:58,  17158288,  2.16690e-07,  1.21682e-10,  2.56359e-07,  9.98910e-11,  4.83327e-10, -5.19902e-12,
04:46:48,  17208448,  2.16800e-07,  1.07936e-10,  2.60669e-07,  1.07980e-10,  4.89847e-10,  1.76799e-13,
04:47:40,  17260736,  2.17132e-07,  1.07781e-10,  2.56580e-07,  1.00002e-10,  5.05759e-10,  6.13274e-13,
04:48:28,  17308796,  2.12380e-07,  1.06787e-10,  2.59564e-07,  1.17306e-10,  5.00676e-10,  1.28511e-12,
04:49:21,  17361030,  2.10391e-07,  1.16820e-10,  2.61442e-07,  1.11339e-10,  4.95924e-10, -5.33714e-13,
04:50:06,  17406164,  2.22215e-07,  8.79800e-11,  2.69398e-07,  8.61010e-11,  4.97361e-10, -2.47077e-12,
04:50:58,  17458424,  2.19121e-07,  9.58030e-11,  2.65752e-07,  1.00466e-10,  5.18466e-10, -2.08513e-12,
04:51:48,  17508610,  2.22215e-07,  9.31950e-11,  2.62879e-07,  9.78140e-11,  5.11394e-10,  2.03209e-12,
04:52:38,  17558770,  2.13596e-07,  1.10411e-10,  2.65531e-07,  1.15781e-10,  5.09184e-10,  3.23433e-12,
04:53:31,  17611030,  2.17132e-07,  9.76810e-11,  2.59232e-07,  9.80790e-11,  5.15814e-10, -1.10499e-14,
04:54:23,  17663236,  2.21662e-07,  9.71290e-11,  2.65089e-07,  1.14279e-10,  4.86311e-10, -4.45204e-12,
04:55:08,  17708420,  2.16027e-07,  8.63660e-11,  2.67078e-07,  1.17527e-10,  4.86311e-10,  1.49616e-12,
04:55:53,  17753578,  2.21552e-07,  9.13170e-11,  2.61111e-07,  1.02919e-10,  5.01118e-10, -2.99896e-12,
04:56:41,  17801636,  2.17574e-07,  1.01969e-10,  2.64536e-07,  1.10499e-10,  5.11173e-10,  2.39121e-12,
04:57:26,  17846818,  2.20447e-07,  1.16201e-10,  2.64094e-07,  9.74380e-11,  5.30953e-10,  1.10610e-12,
04:58:14,  17894048,  2.20336e-07,  1.10654e-10,  2.64315e-07,  1.14102e-10,  5.25538e-10, -2.30613e-12,
04:59:06,  17946280,  2.15916e-07,  1.02477e-10,  2.61663e-07,  1.17461e-10,  5.06422e-10, -2.60558e-12,
04:59:58,  17998538,  2.19342e-07,  8.84220e-11,  2.61111e-07,  8.53940e-11,  5.11173e-10,  2.84979e-12,
05:00:50,  18050770,  2.16248e-07,  1.00046e-10,  2.60448e-07,  9.95600e-11,  5.25317e-10, -2.89178e-12,
05:01:43,  18103056,  2.19010e-07,  1.06787e-10,  2.64757e-07,  1.01880e-10,  5.19350e-10,  2.62989e-13,
05:02:35,  18155316,  2.21331e-07,  9.26210e-11,  2.59564e-07,  9.55160e-11,  5.04101e-10,  2.59674e-13,
05:03:22,  18202546,  2.24535e-07,  1.05549e-10,  2.61884e-07,  1.35053e-10,  5.24654e-10, -1.71937e-12,
05:04:14,  18254804,  2.16911e-07,  9.30400e-11,  2.65089e-07,  9.67530e-11,  5.28190e-10, -9.41450e-13,
05:05:07,  18307064,  2.20447e-07,  1.10610e-10,  2.66857e-07,  1.26058e-10,  5.30290e-10,  5.04542e-12,
05:05:59,  18359324,  2.22546e-07,  1.14809e-10,  2.65420e-07,  1.18234e-10,  5.25096e-10, -2.25751e-12,
05:06:49,  18409460,  2.18568e-07,  1.10632e-10,  2.65973e-07,  9.93610e-11,  5.27748e-10, -3.70064e-12,
05:07:41,  18461720,  2.20226e-07,  9.12720e-11,  2.58127e-07,  1.00400e-10,  5.18466e-10, -4.57027e-12,
05:08:34,  18514008,  2.17132e-07,  8.47970e-11,  2.59564e-07,  9.61120e-11,  5.21339e-10,  2.81001e-12,
05:09:21,  18561240,  2.20557e-07,  1.05350e-10,  2.63210e-07,  1.10743e-10,  5.52279e-10,  1.68180e-12,
